Finding,Dimension,Subdimension,Measure,Data Source,Demographic Lens,90401,90402,90403,90404,90405,African American,Asian,Latino,Younger Age,Middle Age,Older Age,Children,Male,Female,Zip Code,Race/Ethnicity,Age,Gender,Lens,Year,,,,,,,,,,,,,,,,,,,,,,,,,,,,,,,,,,,,,,,,,,,,,,,,
African American residents are more likely than average to engage in volunteer activities,Community,Civic Engagement,Volunteering,Survey,African Americans,No,No,No,No,No,Yes,No,No,No,No,No,No,No,No,No,Yes,No,No,Race,2014,,,,,,,,,,,,,,,,,,,,,,,,,,,,,,,,,,,,,,,,,,,,,,,,
"Volunteering rates: Europe 21%, UK 19%, CA 24%, US 25%, Santa Monica 38%",Community,Civic Engagement,Volunteering,Survey,,No,No,No,No,No,No,No,No,No,No,No,No,No,No,No,No,No,No,,2014,,,,,,,,,,,,,,,,,,,,,,,,,,,,,,,,,,,,,,,,,,,,,,,,
90405 ranks highest on feeling able to influence decisions,Community,Civic Engagement,"Voting, community voice, and trust in gov’t",Survey,90405,No,No,No,No,Yes,No,No,No,No,No,No,No,No,No,Yes,No,No,No,Zip code,2014,,,,,,,,,,,,,,,,,,,,,,,,,,,,,,,,,,,,,,,,,,,,,,,,
African American residents are much more likely to feel like they can influence decisions,Community,Civic Engagement,"Voting, community voice, and trust in gov’t",Survey,African Americans,No,No,No,No,No,Yes,No,No,No,No,No,No,No,No,No,Yes,No,No,Race,2014,,,,,,,,,,,,,,,,,,,,,,,,,,,,,,,,,,,,,,,,,,,,,,,,
Asian residents are less likely to feel like they can influence decisions,Community,Civic Engagement,"Voting, community voice, and trust in gov’t",Survey,Asians,No,No,No,No,No,No,Yes,No,No,No,No,No,No,No,No,Yes,No,No,Race,2014,,,,,,,,,,,,,,,,,,,,,,,,,,,,,,,,,,,,,,,,,,,,,,,,
Females are more likely to feel like they can influence decisions,Community,Civic Engagement,"Voting, community voice, and trust in gov’t",Survey,Females,No,No,No,No,No,No,No,No,No,No,No,No,Yes,Yes,No,No,No,Yes,Gender,2014,,,,,,,,,,,,,,,,,,,,,,,,,,,,,,,,,,,,,,,,,,,,,,,,
Males are less likely to feel like they can influence decisions,Community,Civic Engagement,"Voting, community voice, and trust in gov’t",Survey,Males,No,No,No,No,No,No,No,No,No,No,No,No,Yes,No,No,No,No,Yes,Gender,2014,,,,,,,,,,,,,,,,,,,,,,,,,,,,,,,,,,,,,,,,,,,,,,,,
"I can influence decisions in Santa Monica: 3% strongly agree, 26% agree, 30% neither agree nor disagree, 26% disagree, 15% strongly disagree",Community,Civic Engagement,"Voting, community voice, and trust in gov’t",Survey,,No,No,No,No,No,No,No,No,No,No,No,No,No,No,No,No,No,No,,2014,,,,,,,,,,,,,,,,,,,,,,,,,,,,,,,,,,,,,,,,,,,,,,,,
Residents report feeling disengaged from city and having little influence over city decisions,Community,Civic Engagement,"Voting, community voice, and trust in gov’t",Survey,,No,No,No,No,No,No,No,No,No,No,No,No,No,No,No,No,No,No,,2014,,,,,,,,,,,,,,,,,,,,,,,,,,,,,,,,,,,,,,,,,,,,,,,,
Residents under 35 are much less likely to feel like they can influence decisions,Community,Civic Engagement,"Voting, community voice, and trust in gov’t",Survey,,No,No,No,No,No,No,No,No,No,No,No,No,No,No,No,No,No,No,,2014,,,,,,,,,,,,,,,,,,,,,,,,,,,,,,,,,,,,,,,,,,,,,,,,
"Voting rates: Santa Monica 79%, California 71%",Community,Civic Engagement,"Voting, community voice, and trust in gov’t",Survey,,No,No,No,No,No,No,No,No,No,No,No,No,No,No,No,No,No,No,,2014,,,,,,,,,,,,,,,,,,,,,,,,,,,,,,,,,,,,,,,,,,,,,,,,
Voting and volunteering rates are higher in Santa Monica than in the state or in the US overall ,Community,Civic Engagement,"Voting, community voice, and trust in gov’t, Volunteering",Survey,,No,No,No,No,No,No,No,No,No,No,No,No,No,No,No,No,No,No,,2014,,,,,,,,,,,,,,,,,,,,,,,,,,,,,,,,,,,,,,,,,,,,,,,,
Older residents are the most likely to feel they belong in community,Community,Community Identity,Neighborhood cohesion/Belonging to local area,Survey,Older Aged,No,No,No,No,No,No,No,No,No,No,Yes,No,No,No,No,No,Yes,No,Age,2014,,,,,,,,,,,,,,,,,,,,,,,,,,,,,,,,,,,,,,,,,,,,,,,,
Residents of 90401 report the lowest likelihood of remaining a Santa Monica resident,Community,Community Identity,Resident turnover,Survey,90401,Yes,No,No,No,No,No,No,No,No,No,No,No,No,No,Yes,No,No,No,Zip code,2014,,,,,,,,,,,,,,,,,,,,,,,,,,,,,,,,,,,,,,,,,,,,,,,,
Residents of 90402 report the highest likelihood of remaining a Santa Monica resident,Community,Community Identity,Resident turnover,Survey,90402,No,Yes,No,No,No,No,No,No,No,No,No,No,No,No,Yes,No,No,No,Zip code,2014,,,,,,,,,,,,,,,,,,,,,,,,,,,,,,,,,,,,,,,,,,,,,,,,
African Americans are much more likely to think they will remain a Santa Monica resident,Community,Community Identity,Resident turnover,Survey,African Americans,No,No,No,No,No,Yes,No,No,No,No,No,No,No,No,No,Yes,No,No,Race,2014,,,,,,,,,,,,,,,,,,,,,,,,,,,,,,,,,,,,,,,,,,,,,,,,
Females are more likely to think they will remain a Santa Monica resident,Community,Community Identity,Resident turnover,Survey,Females,No,No,No,No,No,No,No,No,No,No,No,No,Yes,Yes,No,No,No,Yes,Gender,2014,,,,,,,,,,,,,,,,,,,,,,,,,,,,,,,,,,,,,,,,,,,,,,,,
Males are less likely to think they will remain a Santa Monica resident,Community,Community Identity,Resident turnover,Survey,Males,No,No,No,No,No,No,No,No,No,No,No,No,Yes,No,No,No,No,Yes,Gender,2014,,,,,,,,,,,,,,,,,,,,,,,,,,,,,,,,,,,,,,,,,,,,,,,,
Older residents are most likely to plan to keep their residence in Santa Monica,Community,Community Identity,Resident turnover,Survey,Older Aged,No,No,No,No,No,No,No,No,No,No,Yes,No,No,No,No,No,Yes,No,Age,2014,,,,,,,,,,,,,,,,,,,,,,,,,,,,,,,,,,,,,,,,,,,,,,,,
Residents under 35 are less likely to think they will remain a Santa Monica resident,Community,Community Identity,Resident turnover,Survey,Younger Aged,No,No,No,No,No,No,No,No,Yes,No,No,No,No,No,No,No,Yes,No,Age,2014,,,,,,,,,,,,,,,,,,,,,,,,,,,,,,,,,,,,,,,,,,,,,,,,
Younger residents are least likely to plan to to keep their residence in Santa Monica,Community,Community Identity,Resident turnover,Survey,Younger Aged,No,No,No,No,No,No,No,No,Yes,No,No,No,No,No,No,No,Yes,No,Age,2014,,,,,,,,,,,,,,,,,,,,,,,,,,,,,,,,,,,,,,,,,,,,,,,,
"Santa Monica is relatively safe and even the most common crimes have a low prevalence relative to the US as a whole: Larceny from cars: US 23%, SM 9% Larceny from buildings: US 12%, SM 3% Shoplifting: US 19%, SM 3% ",Community,Public Safety,Crime rates by crime type,City Admin,,No,No,No,No,No,No,No,No,No,No,No,No,No,No,No,No,No,No,,2014,,,,,,,,,,,,,,,,,,,,,,,,,,,,,,,,,,,,,,,,,,,,,,,,
Respondents in zip code 90401 were less likely to meet friends socially; 23% see friends or relatives less than once a month,Community,Strong Local Networks,Frequency of social contact,Survey,90401,Yes,No,No,No,No,No,No,No,No,No,No,No,No,No,Yes,No,No,No,Zip code,2014,,,,,,,,,,,,,,,,,,,,,,,,,,,,,,,,,,,,,,,,,,,,,,,,
47% of respondents who are sick or disabled see friends or relatives less than once a month,Community,Strong Local Networks,Frequency of social contact,Survey,Disability,No,No,No,No,No,No,No,No,No,No,No,No,No,No,No,No,No,No,,2014,,,,,,,,,,,,,,,,,,,,,,,,,,,,,,,,,,,,,,,,,,,,,,,,
People in the middle age groups rarely meet their friends socially,Community,Strong Local Networks,Frequency of social contact,Survey,Middle Age,No,No,No,No,No,No,No,No,No,Yes,No,No,No,No,No,No,Yes,No,Age,2014,,,,,,,,,,,,,,,,,,,,,,,,,,,,,,,,,,,,,,,,,,,,,,,,
21% of respondents aged 44 to 54 see friends or relatives less than once a month,Community,Strong Local Networks,Frequency of social contact,Survey,Middle Aged,No,No,No,No,No,No,No,No,No,Yes,No,No,No,No,No,No,Yes,No,Age,2014,,,,,,,,,,,,,,,,,,,,,,,,,,,,,,,,,,,,,,,,,,,,,,,,
Younger residents meet friends and family socially more regularly,Community,Strong Local Networks,Frequency of social contact,Survey,Younger Aged,No,No,No,No,No,No,No,No,Yes,No,No,No,No,No,No,No,Yes,No,Age,2014,,,,,,,,,,,,,,,,,,,,,,,,,,,,,,,,,,,,,,,,,,,,,,,,
13% of Santa Monicans see their friends or relatives socially less than once a month,Community,Strong Local Networks,Frequency of social contact,Survey,,No,No,No,No,No,No,No,No,No,No,No,No,No,No,No,No,No,No,,2014,,,,,,,,,,,,,,,,,,,,,,,,,,,,,,,,,,,,,,,,,,,,,,,,
19% in residents aged between 18 and 24 – that is one in five young people – reported feeling lonely most or all of the time,Community,Strong Local Networks,Loneliness/social isolation,Survey,Younger Aged,No,No,No,No,No,No,No,No,Yes,No,No,No,No,No,No,No,Yes,No,Age,2014,,,,,,,,,,,,,,,,,,,,,,,,,,,,,,,,,,,,,,,,,,,,,,,,
8% of residents reported feeling lonely most or all of the time,Community,Strong Local Networks,Loneliness/social isolation,Survey,,No,No,No,No,No,No,No,No,No,No,No,No,No,No,No,No,No,No,,2014,,,,,,,,,,,,,,,,,,,,,,,,,,,,,,,,,,,,,,,,,,,,,,,,
Respondents in 90402 reported the lowest levels of feeling lonely ,Community,Strong Local Networks,Loneliness/social isolation ,Survey,90402,No,Yes,No,No,No,No,No,No,No,No,No,No,No,No,Yes,No,No,No,Zip code,2014,,,,,,,,,,,,,,,,,,,,,,,,,,,,,,,,,,,,,,,,,,,,,,,,
Respondents in 90403 reported the highest levels of feeling lonely,Community,Strong Local Networks,Loneliness/social isolation ,Survey,90403,No,No,Yes,No,No,No,No,No,No,No,No,No,No,No,Yes,No,No,No,Zip code,2014,,,,,,,,,,,,,,,,,,,,,,,,,,,,,,,,,,,,,,,,,,,,,,,,
Females were less likely to report feeling lonely,Community,Strong Local Networks,Loneliness/social isolation ,Survey,Females,No,No,No,No,No,No,No,No,No,No,No,No,Yes,Yes,No,No,No,Yes,Gender,2014,,,,,,,,,,,,,,,,,,,,,,,,,,,,,,,,,,,,,,,,,,,,,,,,
Males were more likely to report feeling lonely,Community,Strong Local Networks,Loneliness/social isolation ,Survey,Males,No,No,No,No,No,No,No,No,No,No,No,No,Yes,No,No,No,No,Yes,Gender,2014,,,,,,,,,,,,,,,,,,,,,,,,,,,,,,,,,,,,,,,,,,,,,,,,
Unemployed residents were more likely to report feeling lonely,Community,Strong Local Networks,Loneliness/social isolation ,Survey,NouloyIupositiveb,No,No,No,No,No,No,No,No,No,No,No,No,No,No,No,No,No,No,,2014,,,,,,,,,,,,,,,,,,,,,,,,,,,,,,,,,,,,,,,,,,,,,,,,
Residents over 65 were less likely to report feeling lonely,Community,Strong Local Networks,Loneliness/social isolation ,Survey,Older Aged,No,No,No,No,No,No,No,No,No,No,Yes,No,No,No,No,No,Yes,No,,2014,,,,,,,,,,,,,,,,,,,,,,,,,,,,,,,,,,,,,,,,,,,,,,,,
Residents under 35 were more likely to report feeling lonely,Community,Strong Local Networks,Loneliness/social isolation ,Survey,Younger Aged,No,No,No,No,No,No,No,No,Yes,No,No,No,No,No,No,No,Yes,No,Age,2014,,,,,,,,,,,,,,,,,,,,,,,,,,,,,,,,,,,,,,,,,,,,,,,,
Respondents in 90402 reported the highest levels of trusting people in the neighborhood,Community,Strong Local Networks,Neighborhood trust,Survey,90402,No,Yes,No,No,No,No,No,No,No,No,No,No,No,No,Yes,No,No,No,Zip code,2014,,,,,,,,,,,,,,,,,,,,,,,,,,,,,,,,,,,,,,,,,,,,,,,,
Respondents in 90401 and 90404 reported the lowest levels of trusting people in the neighborhood,Community,Strong Local Networks,Neighborhood trust,Survey,"90401, 90404",Yes,No,No,Yes,No,No,No,No,No,No,No,No,No,No,Yes,No,No,No,Zip code,2014,,,,,,,,,,,,,,,,,,,,,,,,,,,,,,,,,,,,,,,,,,,,,,,,
African Americans were much more likely to trust people in the neighborhood,Community,Strong Local Networks,Neighborhood trust,Survey,African Americans,No,No,No,No,No,Yes,No,No,No,No,No,No,No,No,No,Yes,No,No,Race,2014,,,,,,,,,,,,,,,,,,,,,,,,,,,,,,,,,,,,,,,,,,,,,,,,
Females were more likely to trust people in the neighborhood,Community,Strong Local Networks,Neighborhood trust,Survey,Females,No,No,No,No,No,No,No,No,No,No,No,No,Yes,Yes,No,No,No,Yes,Gender,2014,,,,,,,,,,,,,,,,,,,,,,,,,,,,,,,,,,,,,,,,,,,,,,,,
Males were less likely to trust people in the neighborhood,Community,Strong Local Networks,Neighborhood trust,Survey,Males,No,No,No,No,No,No,No,No,No,No,No,No,Yes,No,No,No,No,Yes,Gender,2014,,,,,,,,,,,,,,,,,,,,,,,,,,,,,,,,,,,,,,,,,,,,,,,,
Residents under 35 were much less likely to trust people in the neighborhood,Community,Strong Local Networks,Neighborhood trust,Survey,Younger Aged,No,No,No,No,No,No,No,No,Yes,No,No,No,No,No,No,No,Yes,No,Age,2014,,,,,,,,,,,,,,,,,,,,,,,,,,,,,,,,,,,,,,,,,,,,,,,,
Santa Monica scored relatively well on levels of trust compared to the US as a whole,Community,Strong Local Networks,Neighborhood trust,Survey,,No,No,No,No,No,No,No,No,No,No,No,No,No,No,No,No,No,No,,2014,,,,,,,,,,,,,,,,,,,,,,,,,,,,,,,,,,,,,,,,,,,,,,,,
Asian residents reported lower than average rates of stopping and talking to people in the neighborhood,Community,Strong Local Networks,Neighbors/neighborliness,Survey,Asians,No,No,No,No,No,No,Yes,No,No,No,No,No,No,No,No,Yes,No,No,Race,2014,,,,,,,,,,,,,,,,,,,,,,,,,,,,,,,,,,,,,,,,,,,,,,,,
Latinos reported lower than average rates of being able to count on people in the neighborhood,Community,Strong Local Networks,Neighbors/neighborliness,Survey,Hispanics,No,No,No,No,No,No,No,Yes,No,No,No,No,No,No,No,Yes,No,No,Race,2014,,,,,,,,,,,,,,,,,,,,,,,,,,,,,,,,,,,,,,,,,,,,,,,,
Middle age residents have a particularly high rate of stopping and talking to neighbors,Community,Strong Local Networks,Neighbors/neighborliness,Survey,Middle Age,No,No,No,No,No,No,No,No,No,Yes,No,No,No,No,No,No,Yes,No,Age,2014,,,,,,,,,,,,,,,,,,,,,,,,,,,,,,,,,,,,,,,,,,,,,,,,
Residents under 35 very rarely stop and talk to neighbors,Community,Strong Local Networks,Neighbors/neighborliness,Survey,Younger Aged,No,No,No,No,No,No,No,No,Yes,No,No,No,No,No,No,No,Yes,No,Age,2014,,,,,,,,,,,,,,,,,,,,,,,,,,,,,,,,,,,,,,,,,,,,,,,,
Younger residents are least likely to report being able to count on their neighbors ,Community,Strong Local Networks,Neighbors/neighborliness,Survey,Younger Aged,No,No,No,No,No,No,No,No,Yes,No,No,No,No,No,No,No,Yes,No,Age,2014,,,,,,,,,,,,,,,,,,,,,,,,,,,,,,,,,,,,,,,,,,,,,,,,
48% of residents said they regularly stopped and talked to neighbors compared to 65% in a UK survey,Community,Strong Local Networks,Neighbors/neighborliness,Survey,,No,No,No,No,No,No,No,No,No,No,No,No,No,No,No,No,No,No,,2014,,,,,,,,,,,,,,,,,,,,,,,,,,,,,,,,,,,,,,,,,,,,,,,,
"56% of residents said that there are people in their neighborhood they could count on, compared to 80% in a national survey ",Community,Strong Local Networks,Neighbors/neighborliness,Survey,,No,No,No,No,No,No,No,No,No,No,No,No,No,No,No,No,No,No,,2014,,,,,,,,,,,,,,,,,,,,,,,,,,,,,,,,,,,,,,,,,,,,,,,,
"Zip code 90401 had the worst score on many of the community items, such as trusting people in neighborhood, borrowing from neighbors",Community,Strong Local Networks,,,90401,Yes,No,No,No,No,No,No,No,No,No,No,No,No,No,Yes,No,No,No,Zip code,2014,,,,,,,,,,,,,,,,,,,,,,,,,,,,,,,,,,,,,,,,,,,,,,,,
The largest gaps between 90404 and other zip codes can be seen in many of the community variables such as trusting people and belonging to neighborhood,Community,Strong Local Networks,,,90404,No,No,No,Yes,No,No,No,No,No,No,No,No,No,No,Yes,No,No,No,Zip code,2014,,,,,,,,,,,,,,,,,,,,,,,,,,,,,,,,,,,,,,,,,,,,,,,,
90405 ranks highest on stopping and talking to neighbors and being able to count on them and borrowing things from them ,Community,Strong Local Networks,,,90405,No,No,No,No,Yes,No,No,No,No,No,No,No,No,No,Yes,No,No,No,Zip code,2014,,,,,,,,,,,,,,,,,,,,,,,,,,,,,,,,,,,,,,,,,,,,,,,,
"Overall, the sense of community varied widely between zip codes, with the highest levels of community in 90402 and 90405, and the lowest in 90401 ",Community,Strong Local Networks,,,"90402, 90405, 90401",Yes,Yes,No,No,Yes,No,No,No,No,No,No,No,No,No,Yes,No,No,No,Zip code,2014,,,,,,,,,,,,,,,,,,,,,,,,,,,,,,,,,,,,,,,,,,,,,,,,
"Males do less volunteering, put less time into community, and stop and talk to neighbors less than females ",Community,Strong Local Networks,,,Males,No,No,No,No,No,No,No,No,No,No,No,No,Yes,Yes,No,No,No,Yes,Gender,2014,,,,,,,,,,,,,,,,,,,,,,,,,,,,,,,,,,,,,,,,,,,,,,,,
Santa Monica residents appear to have relatively low levels of social interaction ,Community,Strong Local Networks,,,,No,No,No,No,No,No,No,No,No,No,No,No,No,No,No,No,No,No,,2014,,,,,,,,,,,,,,,,,,,,,,,,,,,,,,,,,,,,,,,,,,,,,,,,
Sentiment analysis of Santa Monica Twitter users showed increased sense of community in the latter part of 2014,Community,Strong Local Networks,,Twitter,,No,No,No,No,No,No,No,No,No,No,No,No,No,No,No,No,No,No,,2014,,,,,,,,,,,,,,,,,,,,,,,,,,,,,,,,,,,,,,,,,,,,,,,,
90402 ranks highest on the Community dimension,Community,,,,90402,No,Yes,No,No,No,No,No,No,No,No,No,No,No,No,Yes,No,No,No,Zip code,2014,,,,,,,,,,,,,,,,,,,,,,,,,,,,,,,,,,,,,,,,,,,,,,,,
90404 performs worst on the Community dimension,Community,,,,90404,No,No,No,Yes,No,No,No,No,No,No,No,No,No,No,Yes,No,No,No,Zip code,2014,,,,,,,,,,,,,,,,,,,,,,,,,,,,,,,,,,,,,,,,,,,,,,,,
90405 ranks second highest on the Community dimension,Community,,,,90405,No,No,No,No,Yes,No,No,No,No,No,No,No,No,No,Yes,No,No,No,Zip code,2014,,,,,,,,,,,,,,,,,,,,,,,,,,,,,,,,,,,,,,,,,,,,,,,,
The weakest sense of community was seen in 90401 and 90404,Community,,,,"90401, 90404",Yes,No,No,Yes,No,No,No,No,No,No,No,No,No,No,Yes,No,No,No,Zip code,2014,,,,,,,,,,,,,,,,,,,,,,,,,,,,,,,,,,,,,,,,,,,,,,,,
African Americans score above average on the Community dimension,Community,,,,African Americans,No,No,No,No,No,Yes,No,No,No,No,No,No,No,No,No,Yes,No,No,Race,2014,,,,,,,,,,,,,,,,,,,,,,,,,,,,,,,,,,,,,,,,,,,,,,,,
African American residents are more likely to report feeling a sense of community,Community,,,,African Americans,No,No,No,No,No,Yes,No,No,No,No,No,No,No,No,No,Yes,No,No,Race,2014,,,,,,,,,,,,,,,,,,,,,,,,,,,,,,,,,,,,,,,,,,,,,,,,
Asian residents are much less likely to report feeling a sense of community,Community,,,,Asians,No,No,No,No,No,No,Yes,No,No,No,No,No,No,No,No,Yes,No,No,Race,2014,,,,,,,,,,,,,,,,,,,,,,,,,,,,,,,,,,,,,,,,,,,,,,,,
Females scored highest on the Community dimension,Community,,,,Females,No,No,No,No,No,No,No,No,No,No,No,No,Yes,Yes,No,No,No,Yes,Gender,2014,,,,,,,,,,,,,,,,,,,,,,,,,,,,,,,,,,,,,,,,,,,,,,,,
Females are more likely to report feeling a sense of community,Community,,,,Females,No,No,No,No,No,No,No,No,No,No,No,No,Yes,Yes,No,No,No,Yes,Gender,2014,,,,,,,,,,,,,,,,,,,,,,,,,,,,,,,,,,,,,,,,,,,,,,,,
Males are less likely to report feeling a sense of community,Community,,,,Males,No,No,No,No,No,No,No,No,No,No,No,No,Yes,No,No,No,No,Yes,Gender,2014,,,,,,,,,,,,,,,,,,,,,,,,,,,,,,,,,,,,,,,,,,,,,,,,
Many of the Community dimension indicators are relatively high in middle-aged residents,Community,,,,Middle Age,No,No,No,No,No,No,No,No,No,Yes,No,No,No,No,No,No,Yes,No,Age,2014,,,,,,,,,,,,,,,,,,,,,,,,,,,,,,,,,,,,,,,,,,,,,,,,
Older respondents (54+) brought up the Community dimension score for middle-aged residents ,Community,,,,Middle Age,No,No,No,No,No,No,No,No,No,Yes,No,No,No,No,No,No,Yes,No,Age,2014,,,,,,,,,,,,,,,,,,,,,,,,,,,,,,,,,,,,,,,,,,,,,,,,
Older-aged residents have higher scores on the Community dimension,Community,,,,Older Aged,No,No,No,No,No,No,No,No,No,No,Yes,No,No,No,No,No,Yes,No,Age,2014,,,,,,,,,,,,,,,,,,,,,,,,,,,,,,,,,,,,,,,,,,,,,,,,
Residents under 35 are much less likely to report feeling a sense of community,Community,,,,Younger Aged,No,No,No,No,No,No,No,No,Yes,No,No,No,No,No,No,No,Yes,No,,2014,,,,,,,,,,,,,,,,,,,,,,,,,,,,,,,,,,,,,,,,,,,,,,,,
Younger residents score particularly poorly on the Community dimension,Community,,,,Younger Aged,No,No,No,No,No,No,No,No,Yes,No,No,No,No,No,No,No,Yes,No,Age,2014,,,,,,,,,,,,,,,,,,,,,,,,,,,,,,,,,,,,,,,,,,,,,,,,
Health facilities are rated best in 90403 ,Health,Access to health-promoting resources,Quality,Survey,90403,No,No,Yes,No,No,No,No,No,No,No,No,No,No,No,Yes,No,No,No,Zip code,2014,,,,,,,,,,,,,,,,,,,,,,,,,,,,,,,,,,,,,,,,,,,,,,,,
90401 residents were the most likely to eat 5 fruits and vegetables a day but the zip code also has a high proportion of people who eat no produce,Health,Healthy Behaviors,Healthy eating,Survey,90401,Yes,No,No,No,No,No,No,No,No,No,No,No,No,No,Yes,No,No,No,Zip code,2014,,,,,,,,,,,,,,,,,,,,,,,,,,,,,,,,,,,,,,,,,,,,,,,,
Healthy eating is strongest in downtown 90401 – 32% eating five or more portions of produce,Health,Healthy Behaviors,Healthy eating,Survey,90401,Yes,No,No,No,No,No,No,No,No,No,No,No,No,No,Yes,No,No,No,Zip code,2014,,,,,,,,,,,,,,,,,,,,,,,,,,,,,,,,,,,,,,,,,,,,,,,,
90403 residents scored significantly above average on produce consumption ,Health,Healthy Behaviors,Healthy eating,Survey,90403,No,No,Yes,No,No,No,No,No,No,No,No,No,No,No,Yes,No,No,No,Zip code,2014,,,,,,,,,,,,,,,,,,,,,,,,,,,,,,,,,,,,,,,,,,,,,,,,
Lowest fruit and vegetable consumption reported in 90404 (16%),Health,Healthy Behaviors,Healthy eating,Survey,90404,No,No,No,Yes,No,No,No,No,No,No,No,No,No,No,Yes,No,No,No,Zip code,2014,,,,,,,,,,,,,,,,,,,,,,,,,,,,,,,,,,,,,,,,,,,,,,,,
There is a large gap between 90404 and other zip codes in fruit and vegetable consumption,Health,Healthy Behaviors,Healthy eating,Survey,90404,No,No,No,Yes,No,No,No,No,No,No,No,No,No,No,Yes,No,No,No,Zip code,2014,,,,,,,,,,,,,,,,,,,,,,,,,,,,,,,,,,,,,,,,,,,,,,,,
African American scored marginally below average on fruit and vegetable consumption,Health,Healthy Behaviors,Healthy eating,Survey,African Americans,No,No,No,No,No,Yes,No,No,No,No,No,No,No,No,No,Yes,No,No,Race,2014,,,,,,,,,,,,,,,,,,,,,,,,,,,,,,,,,,,,,,,,,,,,,,,,
Females score particularly high on fruit and vegetable consumption (30% compared to 19% males),Health,Healthy Behaviors,Healthy eating,Survey,Females,No,No,No,No,No,No,No,No,No,No,No,No,Yes,Yes,No,No,No,Yes,Gender,2014,,,,,,,,,,,,,,,,,,,,,,,,,,,,,,,,,,,,,,,,,,,,,,,,
Produce consumption was lowest among Latino residents (19%),Health,Healthy Behaviors,Healthy eating,,Latino,No,No,No,No,No,No,No,Yes,No,No,No,No,No,No,No,Yes,No,No,Race,2014,,,,,,,,,,,,,,,,,,,,,,,,,,,,,,,,,,,,,,,,,,,,,,,,
Males have lower rates of fruit and vegetable consumption,Health,Healthy Behaviors,Healthy eating,Survey,Males,No,No,No,No,No,No,No,No,No,No,No,No,Yes,No,No,No,No,Yes,Gender,2014,,,,,,,,,,,,,,,,,,,,,,,,,,,,,,,,,,,,,,,,,,,,,,,,
Older residents report eating more produce ,Health,Healthy Behaviors,Healthy eating,,Older Aged,No,No,No,No,No,No,No,No,No,No,Yes,No,No,No,No,No,Yes,No,Age,2014,,,,,,,,,,,,,,,,,,,,,,,,,,,,,,,,,,,,,,,,,,,,,,,,
Only 24% of respondents are eating 5 or more fruit and vegetable portions a day – compared to around 30% in England and 55% of Americans,Health,Healthy Behaviors,Healthy eating,Survey,,No,No,No,No,No,No,No,No,No,No,No,No,No,No,No,No,No,No,,2014,,,,,,,,,,,,,,,,,,,,,,,,,,,,,,,,,,,,,,,,,,,,,,,,
Residents who travel to work by bus consume less produce ,Health,Healthy Behaviors,Healthy eating,Survey,,No,No,No,No,No,No,No,No,No,No,No,No,No,No,No,No,No,No,,2014,,,,,,,,,,,,,,,,,,,,,,,,,,,,,,,,,,,,,,,,,,,,,,,,
There is room for improvement in healthy eating,Health,Healthy Behaviors,Healthy eating,,,No,No,No,No,No,No,No,No,No,No,No,No,No,No,No,No,No,No,,2014,,,,,,,,,,,,,,,,,,,,,,,,,,,,,,,,,,,,,,,,,,,,,,,,
90403 residents scored significantly above average on physical activity,Health,Healthy Behaviors,Physical Activity ,Survey,90403,No,No,Yes,No,No,No,No,No,No,No,No,No,No,No,Yes,No,No,No,Zip code,2014,,,,,,,,,,,,,,,,,,,,,,,,,,,,,,,,,,,,,,,,,,,,,,,,
There is a large gap between 90404 and other zip codes in physical activity rates,Health,Healthy Behaviors,Physical Activity ,Survey,90404,No,No,No,Yes,No,No,No,No,No,No,No,No,No,No,Yes,No,No,No,Zip code,2014,,,,,,,,,,,,,,,,,,,,,,,,,,,,,,,,,,,,,,,,,,,,,,,,
Females have lower rates of physical activity,Health,Healthy Behaviors,Physical Activity ,Survey,Females,No,No,No,No,No,No,No,No,No,No,No,No,Yes,Yes,No,No,No,Yes,Gender,2014,,,,,,,,,,,,,,,,,,,,,,,,,,,,,,,,,,,,,,,,,,,,,,,,
"21% of Latinos engaged in physical activity less than once a month, compared to 11% of non-Latinos",Health,Healthy Behaviors,Physical Activity ,Survey,Latinos,No,No,No,No,No,No,No,Yes,No,No,No,No,No,No,No,Yes,No,No,Race,2014,,,,,,,,,,,,,,,,,,,,,,,,,,,,,,,,,,,,,,,,,,,,,,,,
Latino residents reported the lowest rates of phyiscal activity,Health,Healthy Behaviors,Physical Activity ,Survey,Latinos,No,No,No,No,No,No,No,Yes,No,No,No,No,No,No,No,Yes,No,No,Race,2014,,,,,,,,,,,,,,,,,,,,,,,,,,,,,,,,,,,,,,,,,,,,,,,,
Males have higher rates of physical activity,Health,Healthy Behaviors,Physical Activity ,Survey,Males,No,No,No,No,No,No,No,No,No,No,No,No,Yes,No,No,No,No,Yes,Gender,2014,,,,,,,,,,,,,,,,,,,,,,,,,,,,,,,,,,,,,,,,,,,,,,,,
52% of residents do not engage in physical activity on a daily basis,Health,Healthy Behaviors,Physical Activity ,Survey,,No,No,No,No,No,No,No,No,No,No,No,No,No,No,No,No,No,No,,2014,,,,,,,,,,,,,,,,,,,,,,,,,,,,,,,,,,,,,,,,,,,,,,,,
Latino residents are marginally more likely to get enough sleep,Health,Healthy Behaviors,Sleep quality,Survey,Latinos,No,No,No,No,No,No,No,Yes,No,No,No,No,No,No,No,Yes,No,No,Race,2014,,,,,,,,,,,,,,,,,,,,,,,,,,,,,,,,,,,,,,,,,,,,,,,,
"Levels of physical exercise are quite high, and higher than average for LA County, but healthy eating rates are surprisingly low",Health,Healthy Behaviors,,,,No,No,No,No,No,No,No,No,No,No,No,No,No,No,No,No,No,No,,2014,,,,,,,,,,,,,,,,,,,,,,,,,,,,,,,,,,,,,,,,,,,,,,,,
90403 has the lowest rates of illness,Health,Physical and Mental Health Status ,Disease States,CHIS (Survey data),90403,No,No,Yes,No,No,No,No,No,No,No,No,No,No,No,Yes,No,No,No,Zip code,2014,,,,,,,,,,,,,,,,,,,,,,,,,,,,,,,,,,,,,,,,,,,,,,,,
Santa Monica residents are in good health compared to LA County - they have lower rates of chronic health conditions and poor health behaviors,Health,Physical and Mental Health Status ,Disease States,CHIS (Survey data),,No,No,No,No,No,No,No,No,No,No,No,No,No,No,No,No,No,No,,2014,,,,,,,,,,,,,,,,,,,,,,,,,,,,,,,,,,,,,,,,,,,,,,,,
Subjective health is rated highest in 90403,Health,Physical and Mental Health Status ,Self-assessed Health,Survey,90403,No,No,Yes,No,No,No,No,No,No,No,No,No,No,No,Yes,No,No,No,Zip code,2014,,,,,,,,,,,,,,,,,,,,,,,,,,,,,,,,,,,,,,,,,,,,,,,,
90404 and 90401 report the poorest scores on the Health dimension,Health,Physical and Mental Health Status ,,Survey,"90405, 90402",Yes,Yes,No,Yes,Yes,No,No,No,No,No,No,No,No,No,Yes,No,No,No,Zip code,2014,,,,,,,,,,,,,,,,,,,,,,,,,,,,,,,,,,,,,,,,,,,,,,,,
90402 scored second highest on the Health dimension,Health,,,,90402,No,Yes,No,No,No,No,No,No,No,No,No,No,No,No,Yes,No,No,No,Zip code,2014,,,,,,,,,,,,,,,,,,,,,,,,,,,,,,,,,,,,,,,,,,,,,,,,
90403 seems to be the good health capital of SM with the best score on the Health dimension,Health,,,,90403,No,No,Yes,No,No,No,No,No,No,No,No,No,No,No,Yes,No,No,No,Zip code,2014,,,,,,,,,,,,,,,,,,,,,,,,,,,,,,,,,,,,,,,,,,,,,,,,
90404 had the worst score on the Health dimension,Health,,,,90404,No,No,No,Yes,No,No,No,No,No,No,No,No,No,No,Yes,No,No,No,Zip code,2014,,,,,,,,,,,,,,,,,,,,,,,,,,,,,,,,,,,,,,,,,,,,,,,,
90405 scores just above average on the Health dimension,Health,,,,90405,No,No,No,No,Yes,No,No,No,No,No,No,No,No,No,Yes,No,No,No,Zip code,2014,,,,,,,,,,,,,,,,,,,,,,,,,,,,,,,,,,,,,,,,,,,,,,,,
Residents age 75 or older scored poorly on the Health dimension,Health,,,,Older Aged,No,No,No,No,No,No,No,No,No,No,Yes,No,No,No,No,No,Yes,No,Age,2014,,,,,,,,,,,,,,,,,,,,,,,,,,,,,,,,,,,,,,,,,,,,,,,,
25-34 year olds scored just above average on the Health dimension,Health,,,,Younger Aged,No,No,No,No,No,No,No,No,Yes,No,No,No,No,No,No,No,Yes,No,Age,2014,,,,,,,,,,,,,,,,,,,,,,,,,,,,,,,,,,,,,,,,,,,,,,,,
Respondents are more likely to get enough sleep than enough physical activity or enough healthy foods,Health,,,,,No,No,No,No,No,No,No,No,No,No,No,No,No,No,No,No,No,No,,2014,,,,,,,,,,,,,,,,,,,,,,,,,,,,,,,,,,,,,,,,,,,,,,,,
Respondents in 90401 were the most satisfied with cultural events and nightlife in Santa Monica,Learning,Access to Learning Opportunities,Availability of arts and culture activities,,90401,Yes,No,No,No,No,No,No,No,No,No,No,No,No,No,Yes,No,No,No,Zip code,2014,,,,,,,,,,,,,,,,,,,,,,,,,,,,,,,,,,,,,,,,,,,,,,,,
90404 is second highest ActiveNet use group ,Learning,Access to learning opportunities,,,90404,No,No,No,Yes,No,No,No,No,No,No,No,No,No,No,Yes,No,No,No,Zip code,2014,,,,,,,,,,,,,,,,,,,,,,,,,,,,,,,,,,,,,,,,,,,,,,,,
90404 ranks second highest on the number of classes attended,Learning,Access to Learning Opportunities,,,90404,No,No,No,Yes,No,No,No,No,No,No,No,No,No,No,Yes,No,No,No,Zip code,2014,,,,,,,,,,,,,,,,,,,,,,,,,,,,,,,,,,,,,,,,,,,,,,,,
"90404, the area with the lowest household income, has the highest participation rate in adult education and does particularly well on learning ",Learning,Access to learning opportunities,,,90404,No,No,No,Yes,No,No,No,No,No,No,No,No,No,No,Yes,No,No,No,Zip code,2014,,,,,,,,,,,,,,,,,,,,,,,,,,,,,,,,,,,,,,,,,,,,,,,,
"90404 has the highest rates of attendance in basic ed, secondary ed, and ESL classes",Learning,Access to Learning Opportunities,,,90404,No,No,No,Yes,No,No,No,No,No,No,No,No,No,No,Yes,No,No,No,Zip code,2014,,,,,,,,,,,,,,,,,,,,,,,,,,,,,,,,,,,,,,,,,,,,,,,,
90405 ranks highest on number of classes attended,Learning,Access to Learning Opportunities,,,90405,No,No,No,No,Yes,No,No,No,No,No,No,No,No,No,Yes,No,No,No,Zip code,2014,,,,,,,,,,,,,,,,,,,,,,,,,,,,,,,,,,,,,,,,,,,,,,,,
90401 has highest percentage of library patrons,Learning,Learning Behaviors ,Active pursuit of knowledge throughout the lifespan ,City Admin,90401,Yes,No,No,No,No,No,No,No,No,No,No,No,No,No,Yes,No,No,No,Zip code,2014,,,,,,,,,,,,,,,,,,,,,,,,,,,,,,,,,,,,,,,,,,,,,,,,
More residents of 90401 are library patrons; library card registration are more frequent in middle-age residents,Learning,Learning Behaviors ,Active pursuit of knowledge throughout the lifespan ,City Admin,"90401, middle aged",Yes,No,No,No,No,No,No,No,No,Yes,No,No,No,No,Yes,No,Yes,No,"Zip code, Age",2014,,,,,,,,,,,,,,,,,,,,,,,,,,,,,,,,,,,,,,,,,,,,,,,,
The only indicator where 90403 scores significantly worse than average is on the percentage of people who work very long hours ,Learning,Learning Behaviors ,Time use/Working hours,Survey,90403,No,No,Yes,No,No,No,No,No,No,No,No,No,No,No,Yes,No,No,No,Zip code,2014,,,,,,,,,,,,,,,,,,,,,,,,,,,,,,,,,,,,,,,,,,,,,,,,
90404 has the second-lowest rate of people working very long hours ,Learning,Learning Behaviors ,Time use/Working hours,Survey,90404,No,No,No,Yes,No,No,No,No,No,No,No,No,No,No,Yes,No,No,No,Zip code,2014,,,,,,,,,,,,,,,,,,,,,,,,,,,,,,,,,,,,,,,,,,,,,,,,
Older-aged residents are the least overworked,Learning,Learning Behaviors ,Time use/Working hours,Survey,Older Aged,No,No,No,No,No,No,No,No,No,No,Yes,No,No,No,No,No,Yes,No,Age,2014,,,,,,,,,,,,,,,,,,,,,,,,,,,,,,,,,,,,,,,,,,,,,,,,
90401 does better than 90405 on 3rd grade English proficiency ,Learning,Learning Status,Educational Attainment ,SMMUSD,90401,Yes,No,No,No,Yes,No,No,No,No,No,No,No,No,No,Yes,No,No,No,Zip code,2014,,,,,,,,,,,,,,,,,,,,,,,,,,,,,,,,,,,,,,,,,,,,,,,,
54% of 3rd graders in 90404 meet CA English standards compared to 68% city-wide ,Learning,Learning Status,Educational Attainment ,SMMUSD,90404,No,No,No,Yes,No,No,No,No,No,No,No,No,No,No,Yes,No,No,No,Zip code,2014,,,,,,,,,,,,,,,,,,,,,,,,,,,,,,,,,,,,,,,,,,,,,,,,
"In 90404, 45% of 8th graders are proficient (C grade or better) in algebra compared to 59% city-wide",Learning,Learning Status,Educational Attainment ,SMMUSD,90404,No,No,No,Yes,No,No,No,No,No,No,No,No,No,No,Yes,No,No,No,Zip code,2014,,,,,,,,,,,,,,,,,,,,,,,,,,,,,,,,,,,,,,,,,,,,,,,,
"30% of Santa Monica's children were physically ready for school in 2014, vs 32.3% in 2013 ",Learning,Learning Status,Educational Attainment ,EDI Data,Children,No,No,No,No,No,No,No,No,No,No,No,Yes,No,No,No,No,Yes,No,Age,2014,,,,,,,,,,,,,,,,,,,,,,,,,,,,,,,,,,,,,,,,,,,,,,,,
Early literacy levels are lowest in 90404,Learning,Learning Status,Literacy rates ,SMMUSD,90404,No,No,No,Yes,No,No,No,No,No,No,No,No,No,No,Yes,No,No,No,Zip code,2014,,,,,,,,,,,,,,,,,,,,,,,,,,,,,,,,,,,,,,,,,,,,,,,,
"In 90404, 77% of kindergarten students are proficient or higher in early literacy compared to the city-wide average of 87.4%",Learning,Learning Status,Literacy rates ,SMMUSD,90404,No,No,No,Yes,No,No,No,No,No,No,No,No,No,No,Yes,No,No,No,Zip code,2014,,,,,,,,,,,,,,,,,,,,,,,,,,,,,,,,,,,,,,,,,,,,,,,,
90402 ranks below average in confidence doing repair jobs,Learning,Learning Status,Non-cognitive skills/21st century skills ,Survey,90402,No,Yes,No,No,No,No,No,No,No,No,No,No,No,No,Yes,No,No,No,Zip code,2014,,,,,,,,,,,,,,,,,,,,,,,,,,,,,,,,,,,,,,,,,,,,,,,,
Residents of 90403 are the most confident cooking,Learning,Learning Status,Non-cognitive skills/21st century skills ,Survey,90403,No,No,Yes,No,No,No,No,No,No,No,No,No,No,No,Yes,No,No,No,Zip code,2014,,,,,,,,,,,,,,,,,,,,,,,,,,,,,,,,,,,,,,,,,,,,,,,,
90404 ranks second best in confidence carrying out repair jobs,Learning,Learning Status,Non-cognitive skills/21st century skills ,Survey,90404,No,No,No,Yes,No,No,No,No,No,No,No,No,No,No,Yes,No,No,No,Zip code,2014,,,,,,,,,,,,,,,,,,,,,,,,,,,,,,,,,,,,,,,,,,,,,,,,
90405 ranks highest in confidence carrying out repair jobs,Learning,Learning Status,Non-cognitive skills/21st century skills ,Survey,90405,No,No,No,No,Yes,No,No,No,No,No,No,No,No,No,Yes,No,No,No,Zip code,2014,,,,,,,,,,,,,,,,,,,,,,,,,,,,,,,,,,,,,,,,,,,,,,,,
African Americans scored significantly above average confidence in cooking skills ,Learning,Learning Status,Non-cognitive skills/21st century skills ,Survey,African Americans,No,No,No,No,No,Yes,No,No,No,No,No,No,No,No,No,Yes,No,No,Race,2014,,,,,,,,,,,,,,,,,,,,,,,,,,,,,,,,,,,,,,,,,,,,,,,,
African Americans scored significantly above average confidence in internet skills,Learning,Learning Status,Non-cognitive skills/21st century skills ,Survey,African Americans,No,No,No,No,No,Yes,No,No,No,No,No,No,No,No,No,Yes,No,No,Race,2014,,,,,,,,,,,,,,,,,,,,,,,,,,,,,,,,,,,,,,,,,,,,,,,,
Asian respondents had less confidence in repair skills,Learning,Learning Status,Non-cognitive skills/21st century skills ,Survey,Asians,No,No,No,No,No,No,Yes,No,No,No,No,No,No,No,No,Yes,No,No,Race,2014,,,,,,,,,,,,,,,,,,,,,,,,,,,,,,,,,,,,,,,,,,,,,,,,
Asians had above average confidence in cooking skills,Learning,Learning Status,Non-cognitive skills/21st century skills ,Survey,Asians,No,No,No,No,No,No,Yes,No,No,No,No,No,No,No,No,Yes,No,No,Race,2014,,,,,,,,,,,,,,,,,,,,,,,,,,,,,,,,,,,,,,,,,,,,,,,,
Males have lower confidence in cooking skills,Learning,Learning Status,Non-cognitive skills/21st century skills ,Survey,Males,No,No,No,No,No,No,No,No,No,No,No,No,Yes,No,No,No,No,Yes,Gender,2014,,,,,,,,,,,,,,,,,,,,,,,,,,,,,,,,,,,,,,,,,,,,,,,,
Males reported high confidence in repair skills,Learning,Learning Status,Non-cognitive skills/21st century skills ,Survey,Males,No,No,No,No,No,No,No,No,No,No,No,No,Yes,No,No,No,No,Yes,Gender,2014,,,,,,,,,,,,,,,,,,,,,,,,,,,,,,,,,,,,,,,,,,,,,,,,
Older aged residents are the least confident with internet and cooking ,Learning,Learning Status,Non-cognitive skills/21st century skills ,Survey,Older Aged,No,No,No,No,No,No,No,No,No,No,Yes,No,No,No,No,No,Yes,No,Age,2014,,,,,,,,,,,,,,,,,,,,,,,,,,,,,,,,,,,,,,,,,,,,,,,,
Survey respondents were confident about computer use but less so on performing traditional repairs ,Learning,Learning Status,Non-cognitive skills/21st century skills ,Survey,,No,No,No,No,No,No,No,No,No,No,No,No,No,No,No,No,No,No,,2014,,,,,,,,,,,,,,,,,,,,,,,,,,,,,,,,,,,,,,,,,,,,,,,,
90402 scored below average on confidence in cooking skills and number of classess attended,Learning,Learning Status,,,90402,No,Yes,No,No,No,No,No,No,No,No,No,No,No,No,Yes,No,No,No,Zip code,2014,,,,,,,,,,,,,,,,,,,,,,,,,,,,,,,,,,,,,,,,,,,,,,,,
24% of Santa Monica's children were socially ready for school in 2014 vs. 28% in 2013,Learning,Learning Status,,,Children,No,No,No,No,No,No,No,No,No,No,No,Yes,No,No,No,No,Yes,No,Age,2014,,,,,,,,,,,,,,,,,,,,,,,,,,,,,,,,,,,,,,,,,,,,,,,,
"31% of Santa Monica's children were emotionally ready for preschool in 2014, vs. 33% in 2013",Learning,Learning Status,,,Children,No,No,No,No,No,No,No,No,No,No,No,Yes,No,No,No,No,Yes,No,Age,2014,,,,,,,,,,,,,,,,,,,,,,,,,,,,,,,,,,,,,,,,,,,,,,,,
Santa Monica has above average educational attainment and incomes ,Learning,Learning Status,,,,No,No,No,No,No,No,No,No,No,No,No,No,No,No,No,No,No,No,,2014,,,,,,,,,,,,,,,,,,,,,,,,,,,,,,,,,,,,,,,,,,,,,,,,
Residents of 90402 are slightly below average on the Learning dimension,Learning,,,,90402,No,Yes,No,No,No,No,No,No,No,No,No,No,No,No,Yes,No,No,No,Zip code,2014,,,,,,,,,,,,,,,,,,,,,,,,,,,,,,,,,,,,,,,,,,,,,,,,
90405 has the highest index score onthe Learning dimension,Learning,,,,90405,No,No,No,No,Yes,No,No,No,No,No,No,No,No,No,Yes,No,No,No,Zip code,2014,,,,,,,,,,,,,,,,,,,,,,,,,,,,,,,,,,,,,,,,,,,,,,,,
African Americans scored above average on the Learning dimension,Learning,,,,African Americans,No,No,No,No,No,Yes,No,No,No,No,No,No,No,No,No,Yes,No,No,Race,2014,,,,,,,,,,,,,,,,,,,,,,,,,,,,,,,,,,,,,,,,,,,,,,,,
The very youngest respondents (18-24) score slightly above average for the Learning dimension,Learning,,,,Younger Aged,No,No,No,No,No,No,No,No,Yes,No,No,No,No,No,No,No,Yes,No,Age,2014,,,,,,,,,,,,,,,,,,,,,,,,,,,,,,,,,,,,,,,,,,,,,,,,
"Most high school students graduate in Santa Monica, but there is variation by race and ethinicity for meeting UC entrance requirements ",Learning,,,,,No,No,No,No,No,No,No,No,No,No,No,No,No,No,No,No,No,No,,2014,,,,,,,,,,,,,,,,,,,,,,,,,,,,,,,,,,,,,,,,,,,,,,,,
Latino youth report lower levels of educational proficiency,Learning,,,,,No,No,No,No,No,No,No,Yes,No,No,No,No,No,No,No,Yes,No,No,Race,2014,,,,,,,,,,,,,,,,,,,,,,,,,,,,,,,,,,,,,,,,,,,,,,,,
"Early literacy is generally high in Santa Monica, but there are opportunities for early literacy improvement in 90404",Learning,,,,,No,No,No,Yes,No,No,No,No,No,No,No,No,No,No,Yes,No,No,No,Zip code,2014,,,,,,,,,,,,,,,,,,,,,,,,,,,,,,,,,,,,,,,,,,,,,,,,
Latinos have the highest rate of economic worries,Opportunity,Affordability,Housing/Economic Security,Survey,Hispanics,No,No,No,No,No,No,No,Yes,No,No,No,No,No,No,No,Yes,No,No,Race,2014,,,,,,,,,,,,,,,,,,,,,,,,,,,,,,,,,,,,,,,,,,,,,,,,
38% of Latino respondents are concerned about missing mortgage or rent payments,Opportunity,Affordability,Housing/Economic Security,Survey,Latino population (38% of Latino respondents) are concerned about missing mortgage or rent paymentss,No,No,No,No,No,No,No,Yes,No,No,No,No,No,No,No,Yes,No,No,Race,2014,,,,,,,,,,,,,,,,,,,,,,,,,,,,,,,,,,,,,,,,,,,,,,,,
Economic worries are high on average including worries about paying credit card bills and not losing one's job ,Opportunity,Affordability,Housing/Economic Security,Survey,Middle Age,No,No,No,No,No,No,No,No,No,Yes,No,No,No,No,No,No,Yes,No,Age,2014,,,,,,,,,,,,,,,,,,,,,,,,,,,,,,,,,,,,,,,,,,,,,,,,
Younger residents (36% of those aged 18 to 24) are concerned about missing rent or mortgage payments,Opportunity,Affordability,Housing/Economic Security,Survey,Younger Aged,No,No,No,No,No,No,No,No,Yes,No,No,No,No,No,No,No,Yes,No,Age,2014,,,,,,,,,,,,,,,,,,,,,,,,,,,,,,,,,,,,,,,,,,,,,,,,
One-fifth (20%) of residents are concerned about missing mortgage or rent payments ,Opportunity,Affordability,Housing/Economic Security,Survey,,No,No,No,No,No,No,No,No,No,No,No,No,No,No,No,No,No,No,,2014,,,,,,,,,,,,,,,,,,,,,,,,,,,,,,,,,,,,,,,,,,,,,,,,
Those who are not in full-time work are more concerned about missing mortgage or rent payments ,Opportunity,Affordability,Housing/Economic Security,Survey,,No,No,No,No,No,No,No,No,No,No,No,No,No,No,No,No,No,No,,2014,,,,,,,,,,,,,,,,,,,,,,,,,,,,,,,,,,,,,,,,,,,,,,,,
"Economic worries differ by race/ethnicity; more minority respondents (Black, Latino) were worried about losing their jobs, paying their credit card bill and paying rent or mortgage",Opportunity,Affordability,Housing/Economic Security,Survey,,No,No,No,No,No,No,No,Yes,No,No,No,No,No,No,No,Yes,No,No,Race,2014,,,,,,,,,,,,,,,,,,,,,,,,,,,,,,,,,,,,,,,,,,,,,,,,
"13% of Latinos reported being very worried about paying their housing costs, compared to 6% of non-Latinos ",Opportunity,Affordability,Housing/Economic Security,Survey,,No,No,No,No,No,No,No,Yes,No,No,No,No,No,No,No,Yes,No,No,Race,2014,,,,,,,,,,,,,,,,,,,,,,,,,,,,,,,,,,,,,,,,,,,,,,,,
Median household income in in Santa Monica $75k vs US average of $54k,Opportunity,Affordability,Income levels,ACS 2012 5-year,,No,No,No,No,No,No,No,No,No,No,No,No,No,No,No,No,No,No,,2014,,,,,,,,,,,,,,,,,,,,,,,,,,,,,,,,,,,,,,,,,,,,,,,,
Median household income in 90402 is just under $150k; in 90404 it is just over $50k (approx.),Opportunity,Affordability,Income levels,ACS 2012 5-year,,No,Yes,No,Yes,No,No,No,No,No,No,No,No,No,No,Yes,No,No,No,Zip code,2014,,,,,,,,,,,,,,,,,,,,,,,,,,,,,,,,,,,,,,,,,,,,,,,,
"In 90405, respondents had low expectations that children will be able to afford to remain in Santa Monica",Opportunity,Affordability,Opportunities for families to stay/grow in the city,Survey,90405,No,No,No,No,Yes,No,No,No,No,No,No,Yes,No,No,Yes,No,Yes,No,Zip code,2014,,,,,,,,,,,,,,,,,,,,,,,,,,,,,,,,,,,,,,,,,,,,,,,,
53% of survey respondents felt that it was unlikely that their children would be able to afford to stay in Santa Monica,Opportunity,Affordability,Opportunities for families to stay/grow in the city,Survey,,No,No,No,No,No,No,No,No,No,No,No,Yes,No,No,No,No,Yes,No,Age,2014,,,,,,,,,,,,,,,,,,,,,,,,,,,,,,,,,,,,,,,,,,,,,,,,
There is a large gap between 90404 and other zip codes in worries about credit card debt ,Opportunity,Affordability,Personal debt,Survey,90404,No,No,No,Yes,No,No,No,No,No,No,No,No,No,No,Yes,No,No,No,Zip code,2014,,,,,,,,,,,,,,,,,,,,,,,,,,,,,,,,,,,,,,,,,,,,,,,,
Economic worries in 90403 are significantly below average ,Opportunity,Affordability,,Survey,90403,No,No,Yes,No,No,No,No,No,No,No,No,No,No,No,Yes,No,No,No,Zip code,2014,,,,,,,,,,,,,,,,,,,,,,,,,,,,,,,,,,,,,,,,,,,,,,,,
90404 is tied with 90401 for highest rate of economic worry (43% report at least 1),Opportunity,Affordability,,,"90404, 90401",Yes,No,No,Yes,No,No,No,No,No,No,No,No,No,No,Yes,No,No,No,Zip code,2014,,,,,,,,,,,,,,,,,,,,,,,,,,,,,,,,,,,,,,,,,,,,,,,,
African Americans are less worried about rent and credit card debt,Opportunity,Affordability,,,African Americans,No,No,No,No,No,Yes,No,No,No,No,No,No,No,No,No,Yes,No,No,Race,2014,,,,,,,,,,,,,,,,,,,,,,,,,,,,,,,,,,,,,,,,,,,,,,,,
Females reported higher rates of economic worry,Opportunity,Affordability,,Survey,Females,No,No,No,No,No,No,No,No,No,No,No,No,Yes,Yes,No,No,No,Yes,Gender,2014,,,,,,,,,,,,,,,,,,,,,,,,,,,,,,,,,,,,,,,,,,,,,,,,
Older aged Santa Monica residents are the least worried economically,Opportunity,Affordability,,Survey,Older Aged,No,No,No,No,No,No,No,No,No,No,Yes,No,No,No,No,No,Yes,No,Age,2014,,,,,,,,,,,,,,,,,,,,,,,,,,,,,,,,,,,,,,,,,,,,,,,,
Younger residents generated a high frequency of tweets about economic worries ,Opportunity,Affordability,,Twitter,Younger Aged,No,No,No,No,No,No,No,No,Yes,No,No,No,No,No,No,No,Yes,No,Age,2014,,,,,,,,,,,,,,,,,,,,,,,,,,,,,,,,,,,,,,,,,,,,,,,,
"Younger residents report having more economic worries about paying bills and meeting mortgage or rent payments – 37.5% report having at least one economic worry, compared to less than 30% for the general population ",Opportunity,Affordability,,Survey,Younger Aged,No,No,No,No,No,No,No,No,Yes,No,No,No,No,No,No,No,Yes,No,Age,2014,,,,,,,,,,,,,,,,,,,,,,,,,,,,,,,,,,,,,,,,,,,,,,,,
50% of the 1231 units developed since 2010 were for low and very low income residents. * funding for this type of development has since decreased dramatically. ,Opportunity,Affordability,,,,No,No,No,No,No,No,No,No,No,No,No,No,No,No,No,No,No,No,,2014,,,,,,,,,,,,,,,,,,,,,,,,,,,,,,,,,,,,,,,,,,,,,,,,
90404 has the highest unemployment rate,Opportunity,Opportunity,Employment,ACS 2012 5-year,90404,No,No,No,Yes,No,No,No,No,No,No,No,No,No,No,Yes,No,No,No,Zip code,2014,,,,,,,,,,,,,,,,,,,,,,,,,,,,,,,,,,,,,,,,,,,,,,,,
"Unemployment levels in 90404, 90401 and 90405 are higher than the US average",Opportunity,Opportunity,Employment,ACS 2012 5-year,,Yes,No,No,Yes,Yes,No,No,No,No,No,No,No,No,No,Yes,No,No,No,Zip code,2014,,,,,,,,,,,,,,,,,,,,,,,,,,,,,,,,,,,,,,,,,,,,,,,,
90401 had the worst scores on job security and job satisfaction,Opportunity,,,Survey,90401,Yes,No,No,No,No,No,No,No,No,No,No,No,No,No,Yes,No,No,No,Zip code,2014,,,,,,,,,,,,,,,,,,,,,,,,,,,,,,,,,,,,,,,,,,,,,,,,
90402 had the highest scores in the Opportunity dimension; the biggest differences between 90402 and the rest of SM were seen in terms of very low economic worries,Opportunity,,,,90402,No,Yes,No,No,No,No,No,No,No,No,No,No,No,No,Yes,No,No,No,Zip code,2014,,,,,,,,,,,,,,,,,,,,,,,,,,,,,,,,,,,,,,,,,,,,,,,,
90404 had the worst Opportunity dimension score,Opportunity,,,,90404,No,No,No,Yes,No,No,No,No,No,No,No,No,No,No,Yes,No,No,No,Zip code,2014,,,,,,,,,,,,,,,,,,,,,,,,,,,,,,,,,,,,,,,,,,,,,,,,
90405 scored second highest on the Opportunity dimension,Opportunity,,,,90405,No,No,No,No,Yes,No,No,No,No,No,No,No,No,No,Yes,No,No,No,Zip code,2014,,,,,,,,,,,,,,,,,,,,,,,,,,,,,,,,,,,,,,,,,,,,,,,,
Older aged residents scored highly on the Opportunity dimension,Opportunity,,,,Older Aged,No,No,No,No,No,No,No,No,No,No,Yes,No,No,No,No,No,Yes,No,Age,2014,,,,,,,,,,,,,,,,,,,,,,,,,,,,,,,,,,,,,,,,,,,,,,,,
Younger aged residents scored particularly poorly on the Opportunity dimension,Opportunity,,,,Younger Aged,No,No,No,No,No,No,No,No,Yes,No,No,No,No,No,No,No,Yes,No,Age,2014,,,,,,,,,,,,,,,,,,,,,,,,,,,,,,,,,,,,,,,,,,,,,,,,
"Homelessness is a city-wide issue, though not evenly distributed by zip code",Opportunity,,,,,No,No,No,No,No,No,No,No,No,No,No,No,No,No,No,No,No,No,,2014,,,,,,,,,,,,,,,,,,,,,,,,,,,,,,,,,,,,,,,,,,,,,,,,
Housing satisfaction is associated with personal wellbeing,Opportunity,,,,,No,No,No,No,No,No,No,No,No,No,No,No,No,No,No,No,No,No,,2014,,,,,,,,,,,,,,,,,,,,,,,,,,,,,,,,,,,,,,,,,,,,,,,,
"Jobs, hiring and employment issues were frequently cited in Twitter analyses",Opportunity,,,Twitter,,No,No,No,No,No,No,No,No,No,No,No,No,No,No,No,No,No,No,,2014,,,,,,,,,,,,,,,,,,,,,,,,,,,,,,,,,,,,,,,,,,,,,,,,
90402 residents reported lower levels of stress than the city average,Outlook,Day-to-day Emotions,Hedonic Wellbeing,Survey,90402,No,Yes,No,No,No,No,No,No,No,No,No,No,No,No,Yes,No,No,No,Zip code,2014,,,,,,,,,,,,,,,,,,,,,,,,,,,,,,,,,,,,,,,,,,,,,,,,
Females were more likely to report feeling sad,Outlook,Day-to-day Emotions,Hedonic Wellbeing,Survey,Females,No,No,No,No,No,No,No,No,No,No,No,No,Yes,Yes,No,No,No,Yes,Gender,2014,,,,,,,,,,,,,,,,,,,,,,,,,,,,,,,,,,,,,,,,,,,,,,,,
Latinos were more likely to report feeling sad,Outlook,Day-to-day Emotions,Hedonic Wellbeing,Survey,Latino,No,No,No,No,No,No,No,Yes,No,No,No,No,No,No,No,Yes,No,No,Race,2014,,,,,,,,,,,,,,,,,,,,,,,,,,,,,,,,,,,,,,,,,,,,,,,,
Males were less likely to report feeling sad,Outlook,Day-to-day Emotions,Hedonic Wellbeing,Survey,Males,No,No,No,No,No,No,No,No,No,No,No,No,Yes,No,No,No,No,Yes,Gender,2014,,,,,,,,,,,,,,,,,,,,,,,,,,,,,,,,,,,,,,,,,,,,,,,,
Middle aged residents are less happy than average ,Outlook,Day-to-day Emotions,Hedonic Wellbeing,Survey,Middle Age,No,No,No,No,No,No,No,No,No,Yes,No,No,No,No,No,No,Yes,No,Age,2014,,,,,,,,,,,,,,,,,,,,,,,,,,,,,,,,,,,,,,,,,,,,,,,,
"Stress is especially severe in young and middle aged residents, and residents of 90401 ",Outlook,Day-to-day Emotions,Hedonic Wellbeing,Survey,"Middle Age, Younger aged, 90401",Yes,No,No,No,No,No,No,No,Yes,Yes,No,No,No,No,Yes,No,Yes,No,"Zip code, Age",2014,,,,,,,,,,,,,,,,,,,,,,,,,,,,,,,,,,,,,,,,,,,,,,,,
Older aged residents are the least stressed,Outlook,Day-to-day Emotions,Hedonic Wellbeing,Survey,Older Aged,No,No,No,No,No,No,No,No,No,No,Yes,No,No,No,No,No,Yes,No,Age,2014,,,,,,,,,,,,,,,,,,,,,,,,,,,,,,,,,,,,,,,,,,,,,,,,
Over 35% of 18-34 year olds report feeling stressed all or most of the time (compared to less than 10% for the oldest residents),Outlook,Day-to-day Emotions,Hedonic Wellbeing,Survey,Younger Aged,No,No,No,No,No,No,No,No,Yes,No,No,No,No,No,No,No,Yes,No,Age,2014,,,,,,,,,,,,,,,,,,,,,,,,,,,,,,,,,,,,,,,,,,,,,,,,
Younger aged residents are the most stressed,Outlook,Day-to-day Emotions,Hedonic Wellbeing,Survey,Younger Aged,No,No,No,No,No,No,No,No,Yes,No,No,No,No,No,No,No,Yes,No,Age,2014,,,,,,,,,,,,,,,,,,,,,,,,,,,,,,,,,,,,,,,,,,,,,,,,
28% of respondents report feeling stressed all or most of the time ,Outlook,Day-to-day Emotions,Hedonic Wellbeing,Survey,,No,No,No,No,No,No,No,No,No,No,No,No,No,No,No,No,No,No,,2014,,,,,,,,,,,,,,,,,,,,,,,,,,,,,,,,,,,,,,,,,,,,,,,,
Unemployed residents were more likely to report feeling sad,Outlook,Day-to-day Emotions,Hedonic Wellbeing,Survey,,No,No,No,No,No,No,No,No,No,No,No,No,No,No,No,No,No,No,,2014,,,,,,,,,,,,,,,,,,,,,,,,,,,,,,,,,,,,,,,,,,,,,,,,
70% of respondents feel happy most of the time,Outlook,Day-to-day Emotions,Hedonic Wellbeing,Survey,,No,No,No,No,No,No,No,No,No,No,No,No,No,No,No,No,No,No,,2014,,,,,,,,,,,,,,,,,,,,,,,,,,,,,,,,,,,,,,,,,,,,,,,,
72% of respondents are only stressed some of the time or not at all,Outlook,Day-to-day Emotions,Hedonic Wellbeing,Survey,,No,No,No,No,No,No,No,No,No,No,No,No,No,No,No,No,No,No,,2014,,,,,,,,,,,,,,,,,,,,,,,,,,,,,,,,,,,,,,,,,,,,,,,,
90% of respondents have energy most or all the time,Outlook,Day-to-day Emotions,Hedonic Wellbeing,Survey,,No,No,No,No,No,No,No,No,No,No,No,No,No,No,No,No,No,No,,2014,,,,,,,,,,,,,,,,,,,,,,,,,,,,,,,,,,,,,,,,,,,,,,,,
93% of respondents are rarely or never lonely,Outlook,Day-to-day Emotions,Hedonic Wellbeing,Survey,,No,No,No,No,No,No,No,No,No,No,No,No,No,No,No,No,No,No,,2014,,,,,,,,,,,,,,,,,,,,,,,,,,,,,,,,,,,,,,,,,,,,,,,,
Residents of 90405 reported feeling less free to decide how to live life than the city average,Outlook,Flourishing,Autonomy & Control,Survey,90405,No,No,No,No,Yes,No,No,No,No,No,No,No,No,No,Yes,No,No,No,Zip code,2014,,,,,,,,,,,,,,,,,,,,,,,,,,,,,,,,,,,,,,,,,,,,,,,,
Asian residents report being less able to get back on their feet after challenges,Outlook,Flourishing,Resilience,Survey,Asians,No,No,No,No,No,No,Yes,No,No,No,No,No,No,No,No,Yes,No,No,Race,2014,,,,,,,,,,,,,,,,,,,,,,,,,,,,,,,,,,,,,,,,,,,,,,,,
Lowest levels of flourishing were seen in 90404,Outlook,Flourishing,,Survey,90404,No,No,No,Yes,No,No,No,No,No,No,No,No,No,No,Yes,No,No,No,Zip code,2014,,,,,,,,,,,,,,,,,,,,,,,,,,,,,,,,,,,,,,,,,,,,,,,,
Residents 65 and over were more likely to report that they were flourishing,Outlook,Flourishing,,Survey,Older Aged,No,No,No,No,No,No,No,No,No,No,Yes,No,No,No,No,No,Yes,No,Age,2014,,,,,,,,,,,,,,,,,,,,,,,,,,,,,,,,,,,,,,,,,,,,,,,,
Unemployed residents were much less likely to report that they were flourishing,Outlook,Flourishing,,Survey,,No,No,No,No,No,No,No,No,No,No,No,No,No,No,No,No,No,No,,2014,,,,,,,,,,,,,,,,,,,,,,,,,,,,,,,,,,,,,,,,,,,,,,,,
Highest levels of life satisfaction were reported in 90402,Outlook,Life Satisfaction,Evaluative Wellbeing - Life Satisfaction,Survey,90402,No,Yes,No,No,No,No,No,No,No,No,No,No,No,No,Yes,No,No,No,Zip code,2014,,,,,,,,,,,,,,,,,,,,,,,,,,,,,,,,,,,,,,,,,,,,,,,,
Lowest levels of life satisfaction were reported in 90404,Outlook,Life Satisfaction,Evaluative Wellbeing - Life Satisfaction,Survey,90404,No,No,No,Yes,No,No,No,No,No,No,No,No,No,No,Yes,No,No,No,Zip code,2014,,,,,,,,,,,,,,,,,,,,,,,,,,,,,,,,,,,,,,,,,,,,,,,,
Reported life satisfaction among Asian respondents was above the Santa Monica average,Outlook,Life Satisfaction,Evaluative Wellbeing - Life Satisfaction,Survey,Asians,No,No,No,No,No,No,Yes,No,No,No,No,No,No,No,No,Yes,No,No,Race,2014,,,,,,,,,,,,,,,,,,,,,,,,,,,,,,,,,,,,,,,,,,,,,,,,
Residents under 35 were more likely to report high levels of life satisfaction,Outlook,Life Satisfaction,Evaluative Wellbeing - Life Satisfaction,Survey,Younger Aged,No,No,No,No,No,No,No,No,Yes,No,No,No,No,No,No,No,Yes,No,Age,2014,,,,,,,,,,,,,,,,,,,,,,,,,,,,,,,,,,,,,,,,,,,,,,,,
Unemployed residents were much more likely to report low levels of life satisfaction,Outlook,Life Satisfaction,Evaluative Wellbeing - Life Satisfaction,Survey,,No,No,No,No,No,No,No,No,No,No,No,No,No,No,No,No,No,No,,2014,,,,,,,,,,,,,,,,,,,,,,,,,,,,,,,,,,,,,,,,,,,,,,,,
Retired residents were more likely to report high levels of life satisfaction,Outlook,Life Satisfaction,Evaluative Wellbeing - Life Satisfaction,Survey,,No,No,No,No,No,No,No,No,No,No,No,No,No,No,No,No,No,No,,2014,,,,,,,,,,,,,,,,,,,,,,,,,,,,,,,,,,,,,,,,,,,,,,,,
Highest personal wellbeing scores were found in 90402,Outlook,,Evaluative Wellbeing - Life Satisfaction,Survey,90402,No,Yes,No,No,No,No,No,No,No,No,No,No,No,No,Yes,No,No,No,Zip code,2014,,,,,,,,,,,,,,,,,,,,,,,,,,,,,,,,,,,,,,,,,,,,,,,,
Younger aged residents are optimistic about their future,Outlook,,Optimism & Hope,Survey,Younger Aged,No,No,No,No,No,No,No,No,Yes,No,No,No,No,No,No,No,Yes,No,Age,2014,,,,,,,,,,,,,,,,,,,,,,,,,,,,,,,,,,,,,,,,,,,,,,,,
Respondents in 90402 scored the highest on feeling like they have time to do things they enjoy,Outlook,,Time/Balance,Survey,90402,No,Yes,No,No,No,No,No,No,No,No,No,No,No,No,Yes,No,No,No,Zip code,2014,,,,,,,,,,,,,,,,,,,,,,,,,,,,,,,,,,,,,,,,,,,,,,,,
Respondents in 90404 scored the lowest on feeling like they have time to do things they enjoy,Outlook,,Time/Balance,Survey,90404,No,No,No,Yes,No,No,No,No,No,No,No,No,No,No,Yes,No,No,No,Zip code,2014,,,,,,,,,,,,,,,,,,,,,,,,,,,,,,,,,,,,,,,,,,,,,,,,
Asian residents report that they have less time to do what they enjoy,Outlook,,Time/Balance,Survey,Asians,No,No,No,No,No,No,Yes,No,No,No,No,No,No,No,No,Yes,No,No,Race,2014,,,,,,,,,,,,,,,,,,,,,,,,,,,,,,,,,,,,,,,,,,,,,,,,
Females were more likely to report feeling like they don't have time to do things they enjoy ,Outlook,,Time/Balance,Survey,Females,No,No,No,No,No,No,No,No,No,No,No,No,Yes,Yes,No,No,No,Yes,Gender,2014,,,,,,,,,,,,,,,,,,,,,,,,,,,,,,,,,,,,,,,,,,,,,,,,
Latinos were more likely to report feeling like they don't have time to do things they enjoy ,Outlook,,Time/Balance,Survey,Latino,No,No,No,No,No,No,No,Yes,No,No,No,No,No,No,No,Yes,No,No,Race,2014,,,,,,,,,,,,,,,,,,,,,,,,,,,,,,,,,,,,,,,,,,,,,,,,
Males were less likely to report feeling like they don't have time to do things they enjoy ,Outlook,,Time/Balance,Survey,Males,No,No,No,No,No,No,No,No,No,No,No,No,Yes,No,No,No,No,Yes,Gender,2014,,,,,,,,,,,,,,,,,,,,,,,,,,,,,,,,,,,,,,,,,,,,,,,,
Middle age residents report not having time to do the things they enjoy,Outlook,,Time/Balance,Survey,Middle Age,No,No,No,No,No,No,No,No,No,Yes,No,No,No,No,No,No,Yes,No,Age,2014,,,,,,,,,,,,,,,,,,,,,,,,,,,,,,,,,,,,,,,,,,,,,,,,
Residents over 65 were less likely to report feeling like they don't have time to do things they enjoy ,Outlook,,Time/Balance,Survey,Older Aged,No,No,No,No,No,No,No,No,No,No,Yes,No,No,No,No,No,Yes,No,,2014,,,,,,,,,,,,,,,,,,,,,,,,,,,,,,,,,,,,,,,,,,,,,,,,
Older aged residents are the least time pressured,Outlook,,Time/Balance,Survey,Older Aged,No,No,No,No,No,No,No,No,No,No,Yes,No,No,No,No,No,Yes,No,Age,2014,,,,,,,,,,,,,,,,,,,,,,,,,,,,,,,,,,,,,,,,,,,,,,,,
Residents under 35 were less likely to report feeling like they don't have time to do things they enjoy ,Outlook,,Time/Balance,Survey,Younger Aged,No,No,No,No,No,No,No,No,Yes,No,No,No,No,No,No,No,Yes,No,,2014,,,,,,,,,,,,,,,,,,,,,,,,,,,,,,,,,,,,,,,,,,,,,,,,
Retired residents were much less likely to report feeling like they don't have time to do things they enjoy ,Outlook,,Time/Balance,Survey,,No,No,No,No,No,No,No,No,No,No,No,No,No,No,No,No,No,No,,2014,,,,,,,,,,,,,,,,,,,,,,,,,,,,,,,,,,,,,,,,,,,,,,,,
"30% of Latinos felt they seldom had time to do the things they enjoyed, compared to only 21% of non-Latinos, ",Outlook,,Time/Balance,Survey,,No,No,No,No,No,No,No,Yes,No,No,No,No,No,No,No,Yes,No,No,Race,2014,,,,,,,,,,,,,,,,,,,,,,,,,,,,,,,,,,,,,,,,,,,,,,,,
Highest levels of energy reported in 90402,Outlook,,Vitality,Survey,90402,No,Yes,No,No,No,No,No,No,No,No,No,No,No,No,Yes,No,No,No,Zip code,2014,,,,,,,,,,,,,,,,,,,,,,,,,,,,,,,,,,,,,,,,,,,,,,,,
Lowest levels of energy reported in 90404,Outlook,,Vitality,Survey,90404,No,No,No,Yes,No,No,No,No,No,No,No,No,No,No,Yes,No,No,No,Zip code,2014,,,,,,,,,,,,,,,,,,,,,,,,,,,,,,,,,,,,,,,,,,,,,,,,
Latinos were more likely to report not having enough energy,Outlook,,Vitality,Survey,Latino,No,No,No,No,No,No,No,Yes,No,No,No,No,No,No,No,Yes,No,No,Race,2014,,,,,,,,,,,,,,,,,,,,,,,,,,,,,,,,,,,,,,,,,,,,,,,,
Residents 65 and over were less likely to report not having enough energy,Outlook,,Vitality,Survey,Older Aged,No,No,No,No,No,No,No,No,No,No,Yes,No,No,No,No,No,Yes,No,Age,2014,,,,,,,,,,,,,,,,,,,,,,,,,,,,,,,,,,,,,,,,,,,,,,,,
12% of 24-44 year olds say they never or almost never have energy ,Outlook,,Vitality,Survey,Younger Aged,No,No,No,No,No,No,No,No,Yes,No,No,No,No,No,No,No,Yes,No,Age,2014,,,,,,,,,,,,,,,,,,,,,,,,,,,,,,,,,,,,,,,,,,,,,,,,
Residents under 35 were more likely to report not having enough energy,Outlook,,Vitality,Survey,Younger Aged,No,No,No,No,No,No,No,No,Yes,No,No,No,No,No,No,No,Yes,No,,2014,,,,,,,,,,,,,,,,,,,,,,,,,,,,,,,,,,,,,,,,,,,,,,,,
Highest levels of flourishing in 90402,Outlook,,,Survey,90402,No,Yes,No,No,No,No,No,No,No,No,No,No,No,No,Yes,No,No,No,Zip code,2014,,,,,,,,,,,,,,,,,,,,,,,,,,,,,,,,,,,,,,,,,,,,,,,,
"90404 residents reported the lowest levels of life satisfactions, energy levels, sense of flourishing, having time to do things they enjoy in the city",Outlook,,,Survey,90404,No,No,No,Yes,No,No,No,No,No,No,No,No,No,No,Yes,No,No,No,Zip code,2014,,,,,,,,,,,,,,,,,,,,,,,,,,,,,,,,,,,,,,,,,,,,,,,,
90404 had second lowest personal wellbeing score (90401 is lowest),Outlook,,,Survey,90404,Yes,No,No,Yes,No,No,No,No,No,No,No,No,No,No,Yes,No,No,No,Zip code,2014,,,,,,,,,,,,,,,,,,,,,,,,,,,,,,,,,,,,,,,,,,,,,,,,
The lowest personal wellbeing scores were found in the 45-54 age group,Outlook,,,Survey,Middle Age,No,No,No,No,No,No,No,No,No,Yes,No,No,No,No,No,No,Yes,No,Age,2014,,,,,,,,,,,,,,,,,,,,,,,,,,,,,,,,,,,,,,,,,,,,,,,,
"Overall, personal wellbeing is greatest among older residents",Outlook,,,,Older Aged,No,No,No,No,No,No,No,No,No,No,Yes,No,No,No,No,No,Yes,No,Age,2014,,,,,,,,,,,,,,,,,,,,,,,,,,,,,,,,,,,,,,,,,,,,,,,,
Stress levels and feeling like one doesn't have time for enjoyment decrease with age ,Outlook,,,,Older Aged,No,No,No,No,No,No,No,No,No,No,Yes,No,No,No,No,No,Yes,No,Age,2014,,,,,,,,,,,,,,,,,,,,,,,,,,,,,,,,,,,,,,,,,,,,,,,,
The oldest residents had by far the highest scores on personal wellbeing,Outlook,,,,Older Aged,No,No,No,No,No,No,No,No,No,No,Yes,No,No,No,No,No,Yes,No,Age,2014,,,,,,,,,,,,,,,,,,,,,,,,,,,,,,,,,,,,,,,,,,,,,,,,
Life satisfaction in Santa Monica is comparable to that of EU countries,Outlook,,,,,No,No,No,No,No,No,No,No,No,No,No,No,No,No,No,No,No,No,,2014,,,,,,,,,,,,,,,,,,,,,,,,,,,,,,,,,,,,,,,,,,,,,,,,
Personal wellbeing is higher among those who reported more social connection with friends or peers ,Outlook,,,,,No,No,No,No,No,No,No,No,No,No,No,No,No,No,No,No,No,No,,2014,,,,,,,,,,,,,,,,,,,,,,,,,,,,,,,,,,,,,,,,,,,,,,,,
"Challenges for 90401: higher presence of wellbeing detractors, below average on 4 of 6 dimensions - worst scores in economy and community",Overall Wb,,,,90401,Yes,No,No,No,No,No,No,No,No,No,No,No,No,No,Yes,No,No,No,Zip code,2014,,,,,,,,,,,,,,,,,,,,,,,,,,,,,,,,,,,,,,,,,,,,,,,,
"Strengths in 90401: Use of outdoor spaces, produce consumption, use of cultural activities/nightlife",Overall Wb,,,,90401,Yes,No,No,No,No,No,No,No,No,No,No,No,No,No,Yes,No,No,No,Zip code,2014,,,,,,,,,,,,,,,,,,,,,,,,,,,,,,,,,,,,,,,,,,,,,,,,
"90401 and 90405 have the highest presence of wellbeing detractors (vacant housing, crowded housing, violent crimes, nonviolent crimes, drug and alcohol crimes, fast food restaurants, living near airport) ",Overall Wb,,,,90401,Yes,No,No,No,Yes,No,No,No,No,No,No,No,No,No,Yes,No,No,No,Zip code,2014,,,,,,,,,,,,,,,,,,,,,,,,,,,,,,,,,,,,,,,,,,,,,,,,
90402 reported the highest index scores on four of the six dimensions,Overall Wb,,,,90402,No,Yes,No,No,No,No,No,No,No,No,No,No,No,No,Yes,No,No,No,Zip code,2014,,,,,,,,,,,,,,,,,,,,,,,,,,,,,,,,,,,,,,,,,,,,,,,,
90404 is significantly below average on all dimensions except Learning ,Overall Wb,,,,90404,No,No,No,Yes,No,No,No,No,No,No,No,No,No,No,Yes,No,No,No,Zip code,2014,,,,,,,,,,,,,,,,,,,,,,,,,,,,,,,,,,,,,,,,,,,,,,,,
90405 ranks highest on many indicators in the Community and Learning dimensions,Overall Wb,,,,90405,No,No,No,No,Yes,No,No,No,No,No,No,No,No,No,Yes,No,No,No,Zip code,2014,,,,,,,,,,,,,,,,,,,,,,,,,,,,,,,,,,,,,,,,,,,,,,,,
"90405 residents had many noise complaints, low consumption of fruits and vegetables, low rates of cycling, felt less free to decided how to live life, had less satisfaction with local businessess and less expectation that their children would be able to remain in Santa Monica",Overall Wb,,,,90405,No,No,No,No,Yes,No,No,No,No,No,No,Yes,No,No,Yes,No,Yes,No,Zip code,2014,,,,,,,,,,,,,,,,,,,,,,,,,,,,,,,,,,,,,,,,,,,,,,,,
90405 did not have the lowest score on any of the wellbeing indicators,Overall Wb,,,,90405,No,No,No,No,Yes,No,No,No,No,No,No,No,No,No,Yes,No,No,No,Zip code,2014,,,,,,,,,,,,,,,,,,,,,,,,,,,,,,,,,,,,,,,,,,,,,,,,
Overall levels of wellbeing were lowest in 90401 and 90404,Overall Wb,,,,"90401, 90404",Yes,No,No,Yes,No,No,No,No,No,No,No,No,No,No,Yes,No,No,No,Zip code,2014,,,,,,,,,,,,,,,,,,,,,,,,,,,,,,,,,,,,,,,,,,,,,,,,
Overall wellbeing varies by zip code and increases by age,Overall Wb,,,,Age,No,No,No,No,No,No,No,No,No,No,No,No,No,No,No,No,No,No,,2014,,,,,,,,,,,,,,,,,,,,,,,,,,,,,,,,,,,,,,,,,,,,,,,,
Latino residents report low wellbeing overall ,Overall Wb,,,,Latino,No,No,No,No,No,No,No,Yes,No,No,No,No,No,No,No,Yes,No,No,Race,2014,,,,,,,,,,,,,,,,,,,,,,,,,,,,,,,,,,,,,,,,,,,,,,,,
Levels of wellbeing among Latinos are lower than those for non-Latinos on all dimensions except the Learning dimension,Overall Wb,,,,Latino,No,No,No,No,No,No,No,Yes,No,No,No,No,No,No,No,Yes,No,No,Race,2014,,,,,,,,,,,,,,,,,,,,,,,,,,,,,,,,,,,,,,,,,,,,,,,,
Middle aged residents score below average on personal wellbeing and place ,Overall Wb,,,,Middle Age,No,No,No,No,No,No,No,No,No,Yes,No,No,No,No,No,No,Yes,No,Age,2014,,,,,,,,,,,,,,,,,,,,,,,,,,,,,,,,,,,,,,,,,,,,,,,,
"Combining all the dimensions into a single wellbeing score, the youngest age groups have the lowest wellbeing; in most surveys in the US and other countries, young people tend to have the highest levels of wellbeing ",Overall Wb,,,,Younger Aged,No,No,No,No,No,No,No,No,Yes,No,No,No,No,No,No,No,Yes,No,Age,2014,,,,,,,,,,,,,,,,,,,,,,,,,,,,,,,,,,,,,,,,,,,,,,,,
"On several dimensions (particularly Community, Opportunity and Outlook), wellbeing is low amongst younger age groups (18-34)",Overall Wb,,,,Younger Aged,No,No,No,No,No,No,No,No,Yes,No,No,No,No,No,No,No,Yes,No,Age,2014,,,,,,,,,,,,,,,,,,,,,,,,,,,,,,,,,,,,,,,,,,,,,,,,
90401 residents were the least likely to drive,Place,Mobility Options,Active Transit,,90401,Yes,No,No,No,No,No,No,No,No,No,No,No,No,No,Yes,No,No,No,Zip code,2014,,,,,,,,,,,,,,,,,,,,,,,,,,,,,,,,,,,,,,,,,,,,,,,,
Below average cycling and walking rates were reported in 90402,Place,Mobility Options,Active Transit,,90402,No,Yes,No,No,No,No,No,No,No,No,No,No,No,No,Yes,No,No,No,Zip code,2014,,,,,,,,,,,,,,,,,,,,,,,,,,,,,,,,,,,,,,,,,,,,,,,,
90404 has the second-highest rate of walking to work ,Place,Mobility Options,Active Transit,,90404,No,No,No,Yes,No,No,No,No,No,No,No,No,No,No,Yes,No,No,No,Zip code,2014,,,,,,,,,,,,,,,,,,,,,,,,,,,,,,,,,,,,,,,,,,,,,,,,
Highest cycling rates are in 90405,Place,Mobility Options,Active Transit,,90405,No,No,No,No,Yes,No,No,No,No,No,No,No,No,No,Yes,No,No,No,Zip code,2014,,,,,,,,,,,,,,,,,,,,,,,,,,,,,,,,,,,,,,,,,,,,,,,,
Older aged Santa Monica residents are unlikely to cycle,Place,Mobility Options,Active Transit,Survey,Older Aged,No,No,No,No,No,No,No,No,No,No,Yes,No,No,No,No,No,Yes,No,Age,2014,,,,,,,,,,,,,,,,,,,,,,,,,,,,,,,,,,,,,,,,,,,,,,,,
A relatively high proportion of Santa Monica commuters already use a cycle (12%),Place,Mobility Options,Active Transit,,,No,No,No,No,No,No,No,No,No,No,No,No,No,No,No,No,No,No,,2014,,,,,,,,,,,,,,,,,,,,,,,,,,,,,,,,,,,,,,,,,,,,,,,,
"Most Santa Monicans drive to work alone, more bike use in 90405 ",Place,Mobility Options,Active Transit,,,No,No,No,No,Yes,No,No,No,No,No,No,No,No,No,Yes,No,No,No,Zip code,2014,,,,,,,,,,,,,,,,,,,,,,,,,,,,,,,,,,,,,,,,,,,,,,,,
Only 61% of Santa Monica residents drive alone to work (low by US standards),Place,Mobility Options,Active Transit,,,No,No,No,No,No,No,No,No,No,No,No,No,No,No,No,No,No,No,,2014,,,,,,,,,,,,,,,,,,,,,,,,,,,,,,,,,,,,,,,,,,,,,,,,
People who travel to work by bus consume less produce ,Place,Mobility Options,Active Transit,Survey,,No,No,No,No,No,No,No,No,No,No,No,No,No,No,No,No,No,No,,2014,,,,,,,,,,,,,,,,,,,,,,,,,,,,,,,,,,,,,,,,,,,,,,,,
Transport was the area most often cited by survey respondents (23%) when asked an open-ended question about their recommendations for wellbeing improvement ,Place,Mobility Options,,Survey,,No,No,No,No,No,No,No,No,No,No,No,No,No,No,No,No,No,No,,2014,,,,,,,,,,,,,,,,,,,,,,,,,,,,,,,,,,,,,,,,,,,,,,,,
Vehicle miles travelled are down 6% from 2008,Place,Mobility Options,,,,No,No,No,No,No,No,No,No,No,No,No,No,No,No,No,No,No,No,,2014,,,,,,,,,,,,,,,,,,,,,,,,,,,,,,,,,,,,,,,,,,,,,,,,
90403 has the highest percentage of residents that consider Santa Monica a beautiful city,Place,Pride in Place,Appreciation of physical environment,Survey,90403,No,No,Yes,No,No,No,No,No,No,No,No,No,No,No,Yes,No,No,No,Zip code,2014,,,,,,,,,,,,,,,,,,,,,,,,,,,,,,,,,,,,,,,,,,,,,,,,
Latino Santa Monica residents are more likely to rate Santa Monica as a beautiful city,Place,Pride in Place,Appreciation of physical environment,Survey,Hispanics,No,No,No,No,No,No,No,Yes,No,No,No,No,No,No,No,Yes,No,No,Race,2014,,,,,,,,,,,,,,,,,,,,,,,,,,,,,,,,,,,,,,,,,,,,,,,,
Younger aged Santa Monica residents are more likely to rate Santa Monica as a beautiful city,Place,Pride in Place,Appreciation of physical environment,Survey,Younger Aged,No,No,No,No,No,No,No,No,Yes,No,No,No,No,No,No,No,Yes,No,Age,2014,,,,,,,,,,,,,,,,,,,,,,,,,,,,,,,,,,,,,,,,,,,,,,,,
89% reported that they consider Santa Monica to be a beautiful place,Place,Pride in Place,Appreciation of physical environment,Survey,,No,No,No,No,No,No,No,No,No,No,No,No,No,No,No,No,No,No,,2014,,,,,,,,,,,,,,,,,,,,,,,,,,,,,,,,,,,,,,,,,,,,,,,,
"In 90402, residents reported putting less time and effort put into the community than average",Place,Pride in Place,Contributions to city conditions,Survey,90402,No,Yes,No,No,No,No,No,No,No,No,No,No,No,No,Yes,No,No,No,Zip code,2014,,,,,,,,,,,,,,,,,,,,,,,,,,,,,,,,,,,,,,,,,,,,,,,,
90405 ranks highest in time and effort put into the Santa Monica community,Place,Pride in Place,Contributions to city conditions,Survey,90405,No,No,No,No,Yes,No,No,No,No,No,No,No,No,No,Yes,No,No,No,Zip code,2014,,,,,,,,,,,,,,,,,,,,,,,,,,,,,,,,,,,,,,,,,,,,,,,,
"In 90405, residents reported putting more time and effort put into the community than average",Place,Pride in Place,Contributions to city conditions,Survey,90405,No,No,No,No,Yes,No,No,No,No,No,No,No,No,No,Yes,No,No,No,Zip code,2014,,,,,,,,,,,,,,,,,,,,,,,,,,,,,,,,,,,,,,,,,,,,,,,,
African Americans score significantly above average on putting time and effort into Santa Monica,Place,Pride in Place,Contributions to city conditions,Survey,African Americans,No,No,No,No,No,Yes,No,No,No,No,No,No,No,No,No,Yes,No,No,Race,2014,,,,,,,,,,,,,,,,,,,,,,,,,,,,,,,,,,,,,,,,,,,,,,,,
African Amercians are more likely to put time and effort into the community,Place,Pride in Place,Contributions to city conditions,Survey,African Americans,No,No,No,No,No,Yes,No,No,No,No,No,No,No,No,No,Yes,No,No,Race,2014,,,,,,,,,,,,,,,,,,,,,,,,,,,,,,,,,,,,,,,,,,,,,,,,
Asians are much less likely to put time and effort into the community,Place,Pride in Place,Contributions to city conditions,Survey,Asians,No,No,No,No,No,No,Yes,No,No,No,No,No,No,No,No,Yes,No,No,Race,2014,,,,,,,,,,,,,,,,,,,,,,,,,,,,,,,,,,,,,,,,,,,,,,,,
Females are more likely to put time and effort into the community,Place,Pride in Place,Contributions to city conditions,Survey,Females,No,No,No,No,No,No,No,No,No,No,No,No,Yes,Yes,No,No,No,Yes,Gender,2014,,,,,,,,,,,,,,,,,,,,,,,,,,,,,,,,,,,,,,,,,,,,,,,,
Males are less likely to put time and effort into the community,Place,Pride in Place,Contributions to city conditions,Survey,Males,No,No,No,No,No,No,No,No,No,No,No,No,Yes,No,No,No,No,Yes,Gender,2014,,,,,,,,,,,,,,,,,,,,,,,,,,,,,,,,,,,,,,,,,,,,,,,,
Middle aged residents have a high rate of making time and effort to be part of the Santa Monica community ,Place,Pride in Place,Contributions to city conditions,Survey,Middle Age,No,No,No,No,No,No,No,No,No,Yes,No,No,No,No,No,No,Yes,No,Age,2014,,,,,,,,,,,,,,,,,,,,,,,,,,,,,,,,,,,,,,,,,,,,,,,,
Residents under 35 are much less likely to put time and effort into the community,Place,Pride in Place,Contributions to city conditions,Survey,Younger Aged,No,No,No,No,No,No,No,No,Yes,No,No,No,No,No,No,No,Yes,No,,2014,,,,,,,,,,,,,,,,,,,,,,,,,,,,,,,,,,,,,,,,,,,,,,,,
"I put a lot of time and effort into being part of the City of Santa Monica community: 6% strongly agree, 20% agree, 37% neither agree nor disagree, 28% disagree, 8% strongly disagree",Place,Pride in Place,Contributions to city conditions,Survey,,No,No,No,No,No,No,No,No,No,No,No,No,No,No,No,No,No,No,,2014,,,,,,,,,,,,,,,,,,,,,,,,,,,,,,,,,,,,,,,,,,,,,,,,
Less time and effort put into the community in 90401 and 90404,Place,Pride in Place,Contributions to city conditions,Survey,,Yes,No,No,Yes,No,No,No,No,No,No,No,No,No,No,Yes,No,No,No,Zip code,2014,,,,,,,,,,,,,,,,,,,,,,,,,,,,,,,,,,,,,,,,,,,,,,,,
Residents of 90402 visit other Santa Monica neighborhoods less frequently than average,Place,Pride in Place,Linkages between neighborhoods,Survey,90402,No,Yes,No,No,No,No,No,No,No,No,No,No,No,No,Yes,No,No,No,Zip code,2014,,,,,,,,,,,,,,,,,,,,,,,,,,,,,,,,,,,,,,,,,,,,,,,,
90404 ranks second highest on visits to other neighborhoods,Place,Pride in Place,Linkages between neighborhoods ,Survey,90404,No,No,No,Yes,No,No,No,No,No,No,No,No,No,No,Yes,No,No,No,Zip code,2014,,,,,,,,,,,,,,,,,,,,,,,,,,,,,,,,,,,,,,,,,,,,,,,,
90402 residents reported high satisfaction with their home,Place,Quality and Access,Housing Quality,Survey,90402,No,Yes,No,No,No,No,No,No,No,No,No,No,No,No,Yes,No,No,No,Zip code,2014,,,,,,,,,,,,,,,,,,,,,,,,,,,,,,,,,,,,,,,,,,,,,,,,
One of the largest gaps between 90404 and other zip codes can be seen in terms of satisfaction with housing,Place,Quality and Access,Housing Quality,Survey,90404,No,No,No,Yes,No,No,No,No,No,No,No,No,No,No,Yes,No,No,No,Zip code,2014,,,,,,,,,,,,,,,,,,,,,,,,,,,,,,,,,,,,,,,,,,,,,,,,
18% of respondents are dissatisfied with their housing – this issue is associated with zip codes 90401 and 90404 (24% and 26% of respondents in each zip code respectively) ,Place,Quality and Access,Housing Quality,Survey,90404,Yes,No,No,Yes,No,No,No,No,No,No,No,No,No,No,Yes,No,No,No,Zip code,2014,,,,,,,,,,,,,,,,,,,,,,,,,,,,,,,,,,,,,,,,,,,,,,,,
Most residents are happy with their homes but there are differences by zip code and race ,Place,Quality and Access,Housing Quality,Survey,,No,No,No,No,No,No,No,No,No,No,No,No,No,No,No,No,No,No,,2014,,,,,,,,,,,,,,,,,,,,,,,,,,,,,,,,,,,,,,,,,,,,,,,,
Few complaints about noise in the neighborhood in 90402,Place,Quality and Access,Noise Pollution,,90402,No,Yes,No,No,No,No,No,No,No,No,No,No,No,No,Yes,No,No,No,Zip code,2014,,,,,,,,,,,,,,,,,,,,,,,,,,,,,,,,,,,,,,,,,,,,,,,,
90405 reported significantly worse problems with noise than 90404,Place,Quality and Access,Noise Pollution,Survey,90405,No,No,No,Yes,Yes,No,No,No,No,No,No,No,No,No,Yes,No,No,No,Zip code,2014,,,,,,,,,,,,,,,,,,,,,,,,,,,,,,,,,,,,,,,,,,,,,,,,
Middle aged Santa Monica residents complain the most about noise,Place,Quality and Access,Noise Pollution,Survey,Middle Age,No,No,No,No,No,No,No,No,No,Yes,No,No,No,No,No,No,Yes,No,Age,2014,,,,,,,,,,,,,,,,,,,,,,,,,,,,,,,,,,,,,,,,,,,,,,,,
22% of survey respondents said noise bothered them “a great deal”,Place,Quality and Access,Noise Pollution,Survey,,No,No,No,No,No,No,No,No,No,No,No,No,No,No,No,No,No,No,,2014,,,,,,,,,,,,,,,,,,,,,,,,,,,,,,,,,,,,,,,,,,,,,,,,
Areas for improvement in 90405 include satisfaction with local businesses,Place,Quality and Access,Proximity to and distribution of wellbeing-boosting amenities/services,Survey,90405,No,No,No,No,Yes,No,No,No,No,No,No,No,No,No,Yes,No,No,No,Zip code,2014,,,,,,,,,,,,,,,,,,,,,,,,,,,,,,,,,,,,,,,,,,,,,,,,
90402 has significantly lower rate of using community and public spaces than the rest of Santa Monica,Place,Quality and Access,Shared/community space,Survey,90402,No,Yes,No,No,No,No,No,No,No,No,No,No,No,No,Yes,No,No,No,Zip code,2014,,,,,,,,,,,,,,,,,,,,,,,,,,,,,,,,,,,,,,,,,,,,,,,,
90405 ranks highest in terms of use of community spaces,Place,Quality and Access,Shared/community space,Survey,90405,No,No,No,No,Yes,No,No,No,No,No,No,No,No,No,Yes,No,No,No,Zip code,2014,,,,,,,,,,,,,,,,,,,,,,,,,,,,,,,,,,,,,,,,,,,,,,,,
Latino residents use community and place spaces at a marginally higher rate than average,Place,Quality and Access,Shared/community space,Survey,Hispanics,No,No,No,No,No,No,No,Yes,No,No,No,No,No,No,No,Yes,No,No,Race,2014,,,,,,,,,,,,,,,,,,,,,,,,,,,,,,,,,,,,,,,,,,,,,,,,
55% of respondents spend leisure time in community or public space less than once a week,Place,Quality and Access,Shared/community space,Survey,,No,No,No,No,No,No,No,No,No,No,No,No,No,No,No,No,No,No,,2014,,,,,,,,,,,,,,,,,,,,,,,,,,,,,,,,,,,,,,,,,,,,,,,,
Over one-third of respondents spend leisure time out of doors less than once a week,Place,Quality and Access,Use of green space/beach,Survey,,No,No,No,No,No,No,No,No,No,No,No,No,No,No,No,No,No,No,,2014,,,,,,,,,,,,,,,,,,,,,,,,,,,,,,,,,,,,,,,,,,,,,,,,
90401 residents are the second highest in terms of use of outdoor spaces (behind 90403) ,Place,Quality and Access,Use of green space/beach,Survey,90401,Yes,No,Yes,No,No,No,No,No,No,No,No,No,No,No,Yes,No,No,No,Zip code,2014,,,,,,,,,,,,,,,,,,,,,,,,,,,,,,,,,,,,,,,,,,,,,,,,
90402 was below average on use of outdoor space,Place,Quality and Access,Use of green space/beach,Survey,90402,No,Yes,No,No,No,No,No,No,No,No,No,No,No,No,Yes,No,No,No,Zip code,2014,,,,,,,,,,,,,,,,,,,,,,,,,,,,,,,,,,,,,,,,,,,,,,,,
90403 has the highest use of outdoor space,Place,Quality and Access,Use of green space/beach,,90403,No,No,Yes,No,No,No,No,No,No,No,No,No,No,No,Yes,No,No,No,Zip code,2014,,,,,,,,,,,,,,,,,,,,,,,,,,,,,,,,,,,,,,,,,,,,,,,,
90404 has the lowest use of outdoor space,Place,Quality and Access,Use of green space/beach,Survey,90404,No,No,No,Yes,No,No,No,No,No,No,No,No,No,No,Yes,No,No,No,Zip code,2014,,,,,,,,,,,,,,,,,,,,,,,,,,,,,,,,,,,,,,,,,,,,,,,,
One of the largest gaps between 90404 and other zip codes can be seen in use of outdoor space,Place,Quality and Access,Use of green space/beach,Survey,90404,No,No,No,Yes,No,No,No,No,No,No,No,No,No,No,Yes,No,No,No,Zip code,2014,,,,,,,,,,,,,,,,,,,,,,,,,,,,,,,,,,,,,,,,,,,,,,,,
Latino residents have the lowest rates of use of outdoor space,Place,Quality and Access,Use of green space/beach,Survey,Latino,No,No,No,No,No,No,No,Yes,No,No,No,No,No,No,No,Yes,No,No,Race,2014,,,,,,,,,,,,,,,,,,,,,,,,,,,,,,,,,,,,,,,,,,,,,,,,
Lowest rates of use of outdoor space were seen in older aged residents,Place,Quality and Access,Use of green space/beach,Survey,Older Aged,No,No,No,No,No,No,No,No,No,No,Yes,No,No,No,No,No,Yes,No,Age,2014,,,,,,,,,,,,,,,,,,,,,,,,,,,,,,,,,,,,,,,,,,,,,,,,
The lowest rates of use of outdoor space were in older respondents,Place,Quality and Access,Use of green space/beach,Survey,Older Aged,No,No,No,No,No,No,No,No,No,No,Yes,No,No,No,No,No,Yes,No,Age,2014,,,,,,,,,,,,,,,,,,,,,,,,,,,,,,,,,,,,,,,,,,,,,,,,
Over one-third of survey respondents reported spending leisure time out of doors less than once a week,Place,Quality and Access,Use of green space/beach,Survey,,No,No,No,No,No,No,No,No,No,No,No,No,No,No,No,No,No,No,,2014,,,,,,,,,,,,,,,,,,,,,,,,,,,,,,,,,,,,,,,,,,,,,,,,
Survey respondents report not spending a lot of time in community or outdoor spaces ,Place,Quality and Access,Use of green space/beach,Survey,,No,No,No,No,No,No,No,No,No,No,No,No,No,No,No,No,No,No,,2014,,,,,,,,,,,,,,,,,,,,,,,,,,,,,,,,,,,,,,,,,,,,,,,,
"There is a higher than average presence of wellbeing detractors (crime rate, vacant or crowded housing etc) in 90401 ",Place,Quality and Access,,,90401,Yes,No,No,No,No,No,No,No,No,No,No,No,No,No,Yes,No,No,No,Zip code,2014,,,,,,,,,,,,,,,,,,,,,,,,,,,,,,,,,,,,,,,,,,,,,,,,
Highest satisfaction with events such as community events reported in 90405 ,Place,Quality and Access,,,90405,No,No,No,No,Yes,No,No,No,No,No,No,No,No,No,Yes,No,No,No,Zip code,2014,,,,,,,,,,,,,,,,,,,,,,,,,,,,,,,,,,,,,,,,,,,,,,,,
African Americans reported marginally lower satisfaction with environmental events ,Place,Quality and Access,,,African Americans,No,No,No,No,No,Yes,No,No,No,No,No,No,No,No,No,Yes,No,No,Race,2014,,,,,,,,,,,,,,,,,,,,,,,,,,,,,,,,,,,,,,,,,,,,,,,,
Younger aged Santa Monicans are the least positive about environmental events in the city,Place,Quality and Access,,,Younger Aged,No,No,No,No,No,No,No,No,Yes,No,No,No,No,No,No,No,Yes,No,Age,2014,,,,,,,,,,,,,,,,,,,,,,,,,,,,,,,,,,,,,,,,,,,,,,,,
66% of Santa Monica residents live within a 5 minute walk of goods and services (definition of a complete neighborhood),Place,Quality and Access,,,,No,No,No,No,No,No,No,No,No,No,No,No,No,No,No,No,No,No,,2014,,,,,,,,,,,,,,,,,,,,,,,,,,,,,,,,,,,,,,,,,,,,,,,,
Coincidence of wellbeing detractors and wellbeing experience is notable ,Place,Quality and Access,,,,No,No,No,No,No,No,No,No,No,No,No,No,No,No,No,No,No,No,,2014,,,,,,,,,,,,,,,,,,,,,,,,,,,,,,,,,,,,,,,,,,,,,,,,
No regions are below average in terms of natural amenities ,Place,Quality and Access,,,,No,No,No,No,No,No,No,No,No,No,No,No,No,No,No,No,No,No,,2014,,,,,,,,,,,,,,,,,,,,,,,,,,,,,,,,,,,,,,,,,,,,,,,,
People who worked from home and those who cycled to work spent more time outdoors,Place,Quality and Access,,,,No,No,No,No,No,No,No,No,No,No,No,No,No,No,No,No,No,No,,2014,,,,,,,,,,,,,,,,,,,,,,,,,,,,,,,,,,,,,,,,,,,,,,,,
Social media content and metadata reveals where and when Santa Monica residents engage in activities,Place,Quality and Access,,,,No,No,No,No,No,No,No,No,No,No,No,No,No,No,No,No,No,No,,2014,,,,,,,,,,,,,,,,,,,,,,,,,,,,,,,,,,,,,,,,,,,,,,,,
"Overall, residents of 90402 have a better experience of place",Place,,,,90402,No,Yes,No,No,No,No,No,No,No,No,No,No,No,No,Yes,No,No,No,Zip code,2014,,,,,,,,,,,,,,,,,,,,,,,,,,,,,,,,,,,,,,,,,,,,,,,,
90403 scored above average on the Place dimension,Place,,,,90403,No,No,Yes,No,No,No,No,No,No,No,No,No,No,No,Yes,No,No,No,Zip code,2014,,,,,,,,,,,,,,,,,,,,,,,,,,,,,,,,,,,,,,,,,,,,,,,,
"90404 scored lowest on the Place by a significant amount (ratings of Pride in Santa Monica; Beauty of Santa Monica; Access to all that is needed in Santa Monica (e.g. businesses, parks); Time spent outdoors; Time spent at community places",Place,,,,90404,No,No,No,Yes,No,No,No,No,No,No,No,No,No,No,Yes,No,No,No,Zip code,2014,,,,,,,,,,,,,,,,,,,,,,,,,,,,,,,,,,,,,,,,,,,,,,,,
90405 scored just above average on the Place dimension,Place,,,,90405,No,No,No,No,Yes,No,No,No,No,No,No,No,No,No,Yes,No,No,No,Zip code,2014,,,,,,,,,,,,,,,,,,,,,,,,,,,,,,,,,,,,,,,,,,,,,,,,
African Americans scored above average on the Place dimension,Place,,,,African Americans,No,No,No,No,No,Yes,No,No,No,No,No,No,No,No,No,Yes,No,No,Race,2014,,,,,,,,,,,,,,,,,,,,,,,,,,,,,,,,,,,,,,,,,,,,,,,,
Experience of place fluctuates by age,Place,,,,Age,No,No,No,No,No,No,No,No,No,No,No,No,No,No,No,No,No,No,,2014,,,,,,,,,,,,,,,,,,,,,,,,,,,,,,,,,,,,,,,,,,,,,,,,
Respondents aged 45-54 scored the lowest on the Place dimension,Place,,,,Middle Age,No,No,No,No,No,No,No,No,No,Yes,No,No,No,No,No,No,Yes,No,Age,2014,,,,,,,,,,,,,,,,,,,,,,,,,,,,,,,,,,,,,,,,,,,,,,,,
Middle aged Santa Monicans scorec below average on the Place dimension,Place,,,,Middle Age,No,No,No,No,No,No,No,No,No,Yes,No,No,No,No,No,No,Yes,No,Age,2014,,,,,,,,,,,,,,,,,,,,,,,,,,,,,,,,,,,,,,,,,,,,,,,,
Older aged Santa Monicans scored above average on the Place dimension,Place,,,,Older Aged,No,No,No,No,No,No,No,No,No,No,Yes,No,No,No,No,No,Yes,No,Age,2014,,,,,,,,,,,,,,,,,,,,,,,,,,,,,,,,,,,,,,,,,,,,,,,,
"89% of respondents said they considered Santa Monica to be a beautiful place, yet they report relatively low usage of the outdoors ",Place,,,,,No,No,No,No,No,No,No,No,No,No,No,No,No,No,No,No,No,No,,2014,,,,,,,,,,,,,,,,,,,,,,,,,,,,,,,,,,,,,,,,,,,,,,,,
"Santa Monica is considered a beautiful place, but use of outdoor and public space is not optimal ",Place,,,,,No,No,No,No,No,No,No,No,No,No,No,No,No,No,No,No,No,No,,2014,,,,,,,,,,,,,,,,,,,,,,,,,,,,,,,,,,,,,,,,,,,,,,,,
Santa Monica remains a relatively safe environment,Place,,,,,No,No,No,No,No,No,No,No,No,No,No,No,No,No,No,No,No,No,,2014,,,,,,,,,,,,,,,,,,,,,,,,,,,,,,,,,,,,,,,,,,,,,,,,
"Latino residents tend to be concentrated in certain areas of the city, which also report higher levels of wellbeing detractors (crime, noise, poor housing quality, etc)",Place,,,,,No,No,No,No,No,No,No,Yes,No,No,No,No,No,No,No,Yes,No,No,Race,2014,,,,,,,,,,,,,,,,,,,,,,,,,,,,,,,,,,,,,,,,,,,,,,,,
